Name,Sub-Sector,Market Cap,PE Ratio,6M Return,PB Ratio,PS Ratio,EV/EBITDA Ratio,Price / CFO,Dividend Yield,1Y Historical EPS Growth,Earnings Per Share
"Reliance Industries Ltd","Oil & Gas - Refining & Marketing","1811341.94","26.02","-8.28","1.96","1.97","12.31","11.41","0.37","9.41","97.93"
"Tata Consultancy Services Ltd","IT Services & Consulting","1471204.84","32.05","4.94","16.11","6.00","21.18","33.18","1.80","9.54","126.17"
"HDFC Bank Ltd","Private Banks","1324548.40","20.68","15.14","2.82","3.25","13.92","69.46","1.12","17.59","97.24"
"Bharti Airtel Ltd","Telecom Services","1009165.73","135.15","25.59","9.56","6.55","16.45","12.79","0.45","-8.77","12.85"
"ICICI Bank Ltd","Private Banks","882162.45","19.93","14.80","3.27","3.74","11.76","5.61","0.80","29.34","63.20"
"Infosys Ltd","IT Services & Consulting","775945.34","29.58","29.88","8.77","4.90","18.40","30.78","2.45","9.57","63.39"
"State Bank of India","Public Banks","701475.13","10.46","1.68","1.63","1.18","4.11","32.43","-","20.55","75.17"
"Hindustan Unilever Ltd","FMCG - Household Products","624826.80","60.80","17.53","12.15","9.93","39.70","40.39","1.58","1.55","43.74"
"ITC Ltd","FMCG - Tobacco","600903.07","29.37","11.92","8.02","8.16","20.02","34.98","2.86","5.91","16.42"
"Life Insurance Corporation Of India","Insurance","575226.92","14.06","-7.77","6.94","0.67","11.24","22.02","1.10","13.67","64.69"
"HCL Technologies Ltd","IT Services & Consulting","499484.54","31.81","24.15","7.32","4.48","18.61","22.25","2.83","5.73","57.86"
"Larsen and Toubro Ltd","Construction & Engineering","475115.74","36.38","-4.29","4.63","2.11","16.53","26.01","0.98","26.08","93.95"
"Sun Pharmaceutical Industries Ltd","Pharmaceuticals","441321.68","46.08","23.89","6.58","8.85","30.90","36.37","0.73","13.01","39.91"
"Bajaj Finance Ltd","Consumer Finance","432805.53","29.95","-3.64","5.64","7.87","35.79","-","0.51","24.07","236.43"
"NTPC Ltd","Power Generation","395914.88","19.02","17.61","2.40","2.15","11.13","9.71","1.90","23.06","21.46"
"Maruti Suzuki India Ltd","Four Wheelers","375906.01","27.87","-8.00","4.39","2.57","16.14","22.37","1.05","59.96","437.59"
"Axis Bank Ltd","Private Banks","358985.98","13.61","9.91","2.28","2.60","6.65","-","0.09","143.23","85.62"
"Kotak Mahindra Bank Ltd","Private Banks","351467.66","19.30","-2.50","2.70","3.73","11.61","22.41","0.11","21.93","91.65"
"Oil and Natural Gas Corporation Ltd","Oil & Gas - Exploration & Production","340736.86","6.92","-2.15","0.93","0.56","4.14","3.43","4.52","34.08","39.13"
"Mahindra and Mahindra Ltd","Four Wheelers","334852.68","29.72","35.44","4.21","2.35","15.15","-","0.70","9.48","97.44"
"Adani Enterprises Ltd","Commodities Trading","327273.72","101.02","-7.49","7.41","3.33","31.08","31.74","0.05","29.16","28.42"
"Tata Motors Ltd","Four Wheelers","323062.24","10.29","-11.06","3.47","0.73","5.80","4.76","0.63","1199.95","94.50"
"UltraTech Cement Ltd","Cement","309906.95","44.24","12.79","5.14","4.33","23.28","28.44","0.65","38.33","242.65"
"Bajaj Auto Limited","Two Wheelers","295643.05","38.35","20.36","10.21","6.35","27.82","45.08","0.76","29.50","274.25"
"Power Grid Corporation of India Ltd","Power Transmission & Distribution","294736.14","18.93","11.06","3.38","6.27","10.16","7.90","3.55","0.99","16.74"
"Coal India Ltd","Mining - Coal","292174.95","7.81","7.52","3.50","1.94","4.72","16.14","5.38","17.75","60.69"
"Titan Company Ltd","Precious Metals Jewellery & Watches","291713.70","83.44","-9.48","31.06","5.65","52.19","172.10","0.34","7.44","39.28"
"Adani Ports and Special Economic Zone Ltd","Ports","289555.82","35.70","1.39","5.30","10.26","20.42","19.28","-","51.09","37.55"
"Asian Paints Ltd","Paints","286623.20","52.49","3.99","14.76","7.89","33.96","46.96","1.11","32.97","56.92"
"Wipro Ltd","IT Services & Consulting","285941.17","25.89","18.42","3.83","3.09","13.50","16.23","0.18","-0.35","20.62"
"Hindustan Aeronautics Ltd","Aerospace & Defense Equipments","283142.62","37.15","11.54","9.72","8.76","21.99","34.43","0.83","30.77","113.96"
"Bajaj Finserv Ltd","Insurance","277393.92","34.05","7.32","2.67","2.51","26.82","-","0.06","26.86","51.14"
"Avenue Supermarts Ltd","Retail - Department Stores","270451.17","106.64","-13.42","14.46","5.31","63.60","98.49","-","6.39","39.05"
"Adani Green Energy Ltd","Renewable Energy","269618.17","245.11","-6.29","15.45","25.08","38.73","34.96","-","12.22","6.94"
"Trent Ltd","Retail - Apparel","267017.30","179.59","80.63","65.09","19.98","90.48","197.94","0.04","234.39","41.82"
"Siemens Ltd","Conglomerates","244727.79","124.80","20.65","18.69","12.19","79.53","174.81","0.15","27.09","55.06"
"JSW Steel Ltd","Iron & Steel","232845.37","26.42","12.11","2.92","1.32","10.47","19.28","0.96","111.38","29.02"
"Zomato Ltd","Online Services","229939.72","655.10","40.86","11.27","17.74","257.22","355.94","-","133.95","0.41"
"Adani Power Ltd","Power Generation","226730.16","10.89","-2.42","5.23","3.76","9.02","16.00","0.01","94.18","54.00"
"Nestle India Ltd","FMCG - Foods","224373.83","57.05","-6.96","67.16","8.86","37.49","53.74","1.38","1211.59","40.79"
"Hindustan Zinc Ltd","Mining - Diversified","221279.96","28.52","29.47","14.56","7.37","14.93","16.58","2.49","-26.22","18.35"
"Indian Oil Corporation Ltd","Oil & Gas - Refining & Marketing","215970.22","5.18","-9.02","1.15","0.28","4.19","3.04","7.65","326.16","30.30"
"Varun Beverages Ltd","Soft Drinks","204263.61","99.35","9.85","28.83","12.67","56.41","85.44","0.16","37.29","6.33"
"Jio Financial Services Ltd","Consumer Finance","199937.85","124.61","-18.88","1.44","87.57","95.57","-","-","-96.74","5.05"
"DLF Ltd","Real Estate","199349.23","73.10","-9.03","5.06","28.65","75.11","78.52","0.62","33.96","11.02"
"Bharat Electronics Ltd","Electronic Equipments","196377.21","49.29","14.64","12.01","9.38","32.40","42.15","0.82","33.51","5.45"
"Tata Steel Ltd","Iron & Steel","185729.98","-41.86","-7.68","2.01","0.80","16.24","9.15","2.42","-150.12","-3.60"
"Indian Railway Finance Corp Ltd","Specialized Finance","182201.11","28.42","-5.64","3.70","6.84","92.47","23.02","1.08","3.97","4.91"
"Vedanta Ltd","Metals - Diversified","180756.32","42.64","22.80","4.30","1.20","6.53","5.07","6.07","-59.91","11.40"
"Grasim Industries Ltd","Cement","177175.76","31.50","11.10","1.28","1.34","12.08","-","0.37","-17.46","85.25"
"LTIMindtree Ltd","IT Services & Consulting","175751.92","38.36","25.65","8.78","4.85","23.73","31.00","1.09","3.87","154.85"
"Interglobe Aviation Ltd","Airlines","174595.04","21.36","22.08","87.45","2.45","10.36","8.23","-","2770.15","211.85"
"SBI Life Insurance Company Ltd","Insurance","171930.15","90.79","16.75","11.53","1.29","77.62","5.90","0.16","10.01","18.92"
"Tech Mahindra Ltd","IT Services & Consulting","169851.93","72.04","44.63","6.26","3.21","30.43","26.64","2.08","-51.33","26.76"
"ABB India Ltd","Heavy Electrical Equipments","163249.97","131.44","22.14","27.46","15.19","88.56","120.79","0.31","22.22","58.61"
"Pidilite Industries Ltd","Diversified Chemicals","157197.18","90.90","6.05","18.24","12.55","56.07","57.71","0.52","35.78","34.01"
"HDFC Life Insurance Company Ltd","Insurance","155727.94","98.93","20.39","10.62","1.53","146.89","14.53","0.28","14.02","7.32"
"Hyundai Motor India Ltd","Four Wheelers","154126.86","25.43","4.25","14.45","2.16","13.76","16.66","-","28.68","7458.13"
"Hindalco Industries Ltd","Metals - Aluminium","153356.36","15.10","17.21","1.44","0.71","7.56","6.37","0.51","0.04","45.18"
"Divi's Laboratories Ltd","Labs & Life Sciences Services","152049.78","95.03","51.98","11.20","18.58","58.18","120.58","0.52","-12.28","60.27"
"Power Finance Corporation Ltd","Specialized Finance","144659.96","7.32","9.83","1.08","1.58","30.81","-","3.08","24.37","59.88"
"Bharat Petroleum Corporation Ltd","Oil & Gas - Refining & Marketing","140155.42","5.22","8.95","1.85","0.31","3.91","3.90","6.40","1158.34","62.96"
"Tata Power Company Ltd","Power Transmission & Distribution","139860.01","37.84","1.87","3.65","2.15","13.35","11.10","0.46","10.78","11.56"
"Samvardhana Motherson International Ltd","Auto Parts","139058.30","51.20","55.13","4.93","1.40","16.27","18.37","0.39","81.61","4.01"
"Gail (India) Ltd","Gas Distribution","139043.21","14.05","5.92","1.80","1.02","9.38","11.05","2.60","77.41","15.06"
"Britannia Industries Ltd","FMCG - Foods","138471.57","64.71","19.82","34.91","8.15","40.98","53.82","1.28","-7.84","88.84"
"Ambuja Cements Ltd","Cement","136912.72","38.28","-12.68","2.69","3.96","17.33","24.25","0.32","31.44","17.10"
"REC Limited","Specialized Finance","133162.14","9.41","16.04","1.92","2.80","32.02","-","3.16","26.67","53.72"
"Godrej Consumer Products Ltd","FMCG - Personal Products","132197.60","-235.84","9.67","10.49","9.20","177.84","63.87","0.77","-132.92","-5.48"
"Eicher Motors Ltd","Trucks & Buses","128198.75","32.04","3.49","7.10","7.10","21.93","34.43","1.09","37.21","146.21"
"Bank of Baroda Ltd","Public Banks","123057.73","6.56","-8.53","1.02","0.87","0.86","-","3.20","25.91","36.20"
"TVS Motor Company Ltd","Two Wheelers","121672.49","72.15","31.22","16.20","3.10","26.01","-","0.31","26.92","35.50"
"Shriram Finance Ltd","Consumer Finance","120238.29","16.32","31.76","2.42","3.30","28.94","-","1.41","5.35","196.38"
"JSW Energy Ltd","Power Generation","120017.64","69.67","11.58","5.71","10.04","25.02","19.25","0.27","16.55","10.50"
"Cipla Ltd","Pharmaceuticals","119976.38","29.11","10.31","4.48","4.52","16.80","29.02","0.87","47.05","51.06"
"Cholamandalam Investment and Finance Company Ltd","Consumer Finance","118225.02","34.57","23.04","6.03","6.09","51.69","-","0.14","26.88","41.12"
"Adani Energy Solutions Ltd","Power Infrastructure","117917.90","103.68","-6.52","8.61","6.85","24.26","19.53","-","-10.11","10.20"
"Bajaj Housing Finance Ltd","Consumer Finance","113954.03","65.82","-17.07","9.31","14.96","83.16","-","-","18.89","2.58"
"Bajaj Holdings and Investment Ltd","Asset Management","113706.91","15.65","26.11","1.81","14.83","16.27","58.58","1.28","49.82","652.98"
"CG Power and Industrial Solutions Ltd","Heavy Electrical Equipments","113184.54","79.32","38.63","37.49","12.90","61.19","285.11","0.18","44.09","9.34"
"Torrent Pharmaceuticals Ltd","Pharmaceuticals","112328.35","67.82","25.84","16.38","10.33","32.83","34.39","0.84","33.02","48.94"
"Punjab National Bank","Public Banks","111113.78","12.20","-27.23","1.00","0.90","-","-","1.49","171.98","8.27"
"Dr Reddy's Laboratories Ltd","Pharmaceuticals","110082.75","19.74","11.02","3.90","3.81","11.98","24.23","0.61","23.61","334.66"
"Havells India Ltd","Electrical Components & Equipments","109702.26","86.33","13.04","14.73","5.82","50.22","56.17","0.51","18.53","20.28"
"Macrotech Developers Ltd","Real Estate","108247.33","69.88","-11.94","6.17","10.34","41.04","43.09","0.21","213.18","15.82"
"ICICI Prudential Life Insurance Company Ltd","Insurance","107823.72","126.75","25.70","9.80","1.18","94.77","-","0.08","4.45","5.91"
"Bosch Ltd","Auto Parts","106931.55","42.92","23.84","8.87","5.85","28.29","85.35","1.03","74.77","844.69"
"United Spirits Ltd","Alcoholic Beverages","106655.09","75.75","25.32","14.98","9.21","47.58","95.40","0.61","23.77","19.36"
"Hero MotoCorp Ltd","Two Wheelers","102903.77","27.48","18.43","5.77","2.66","16.65","20.90","2.72","33.22","187.35"
"Mankind Pharma Ltd","Pharmaceuticals","101346.94","52.98","5.71","10.58","9.53","34.71","47.08","-","49.23","47.75"
"Info Edge (India) Ltd","Online Services","101251.23","176.03","34.38","3.20","34.32","99.50","144.17","0.28","634.63","44.57"
"Zydus Lifesciences Ltd","Pharmaceuticals","100724.02","26.10","4.33","4.56","5.07","18.04","31.20","0.30","98.59","38.24"
"Tata Consumer Products Ltd","Tea & Coffee","100379.94","87.26","-12.46","5.76","6.50","46.55","51.83","0.74","-6.03","12.08"
"Polycab India Ltd","Electrical Components & Equipments","100187.15","56.16","21.18","12.15","5.49","36.19","77.29","0.45","40.02","118.94"
"Indian Overseas Bank","Public Banks","99351.07","37.27","-17.03","3.60","3.34","21.43","-","-","26.70","1.41"
"Apollo Hospitals Enterprise Ltd","Hospitals & Diagnostic Centres","99308.47","110.51","11.49","13.57","5.18","41.38","51.72","0.23","9.71","62.50"
"Indusind Bank Ltd","Private Banks","99267.09","11.06","-13.58","1.57","1.80","5.01","-","1.29","20.32","115.52"
"Dabur India Ltd","FMCG - Personal Products","99019.04","53.74","10.16","9.61","7.68","34.17","49.18","0.98","7.81","10.41"
"Solar Industries India Ltd","Commodity Chemicals","98312.47","117.61","25.71","28.69","16.08","70.06","69.92","0.08","10.40","92.38"
"Oracle Financial Services Software Ltd","Software Services","97334.72","43.86","52.64","12.39","14.49","29.39","54.36","2.14","22.58","256.47"
"ICICI Lombard General Insurance Company Ltd","Insurance","96920.45","50.52","15.52","7.94","4.70","35.93","40.27","0.56","10.76","39.00"
"HDFC Asset Management Company Ltd","Asset Management","96105.98","49.47","23.40","13.58","30.38","38.01","59.52","1.55","36.47","91.01"
"Cummins India Ltd","Industrial Machinery","94799.63","55.10","8.25","14.34","9.85","38.57","73.75","1.11","40.10","62.07"
"Lupin Ltd","Pharmaceuticals","94629.21","49.43","31.30","6.58","4.70","24.32","25.94","0.39","344.56","42.05"
"Indus Towers Ltd","Telecom Infrastructure","94198.95","15.61","-0.67","3.48","3.13","7.15","8.13","-","195.89","22.40"
"Torrent Power Ltd","Power Transmission & Distribution","94056.70","51.31","30.07","7.47","3.41","21.39","22.09","0.82","-13.42","38.14"
"Suzlon Energy Ltd","Renewable Energy Equipment & Services","93957.32","142.28","64.52","23.97","14.29","92.43","1181.41","-","-80.00","0.51"
"Indian Hotels Company Ltd","Hotels Resorts & Cruise Lines","93754.36","74.46","8.99","9.26","13.49","40.58","48.45","0.27","25.45","8.85"
"Jindal Steel And Power Ltd","Iron & Steel","92623.35","15.60","0.62","2.07","1.83","10.12","15.42","0.22","87.88","59.17"
"Rail Vikas Nigam Ltd","Specialized Finance","92189.16","58.56","59.42","10.54","3.98","35.98","31.20","-","17.33","7.55"
"Dixon Technologies (India) Ltd","Home Electronics & Appliances","91456.94","248.69","96.80","52.83","5.16","124.56","156.52","-","43.34","61.61"
"Colgate-Palmolive (India) Ltd","FMCG - Personal Products","90601.13","68.45","23.82","48.34","15.74","45.61","75.57","1.29","26.40","48.67"
"Tube Investments of India Ltd","Cycles","89648.87","74.66","29.41","13.29","5.05","32.51","132.78","0.08","25.57","62.13"
"Shree Cement Ltd","Cement","89156.43","37.22","1.36","4.30","4.22","16.65","26.63","0.42","88.53","663.98"
"Persistent Systems Ltd","Software Services","89126.72","81.51","62.05","17.98","8.96","48.94","72.98","0.45","18.41","47.57"
"Max Healthcare Institute Ltd","Hospitals & Diagnostic Centres","88872.31","84.03","20.19","10.57","15.11","53.33","79.22","0.16","-4.27","10.89"
"Canara Bank Ltd","Public Banks","88611.19","5.80","-18.81","0.95","0.64","-","5.89","3.30","35.75","16.84"
"GMR Airports Ltd","Construction & Engineering","86826.46","-155.25","-0.15","-102.00","9.09","31.48","22.38","-","-211.99","-0.93"
"Marico Ltd","FMCG - Personal Products","85012.81","57.40","28.71","20.39","7.57","39.06","59.20","1.44","13.75","11.47"
"Hindustan Petroleum Corp Ltd","Oil & Gas - Refining & Marketing","84655.42","5.29","23.53","1.80","0.19","5.08","3.55","5.28","329.43","75.19"
"Mazagon Dock Shipbuilders Ltd","Shipbuilding","84569.63","43.66","85.64","13.55","8.00","27.95","123.69","-","73.09","96.04"
"IDBI Bank Ltd","Private Bank","83804.22","14.48","-10.93","1.64","2.75","6.47","-","1.92","56.18","5.38"
"Union Bank of India Ltd","Public Banks","83473.48","6.05","-25.56","0.86","0.71","-","4.19","3.29","53.15","19.07"
"Aurobindo Pharma Ltd","Pharmaceuticals","83286.95","26.25","31.17","2.79","2.82","13.50","34.21","0.32","64.62","54.15"
"Godrej Properties Ltd","Real Estate","82425.95","113.65","16.90","8.00","18.90","74.13","-","-","26.92","26.09"
"Oil India Ltd","Oil & Gas - Exploration & Production","82135.56","12.97","28.21","1.56","2.40","8.68","7.51","1.91","-27.42","38.95"
"NHPC Ltd","Renewable Energy","78532.08","21.67","-12.89","1.79","6.71","16.48","11.32","2.43","-7.14","3.61"
"Bharat Heavy Electricals Ltd","Heavy Electrical Equipments","77893.76","276.00","-14.01","3.19","3.18","61.09","-","0.11","-56.86","0.81"
"Muthoot Finance Ltd","Consumer Finance","77283.81","17.87","19.01","3.00","5.10","22.98","-","-","19.69","107.72"
"Adani Total Gas Ltd","Gas Distribution","77036.20","115.41","-24.12","21.52","16.98","67.03","80.66","0.04","22.14","6.07"
"PB Fintech Ltd","Online Services","74412.18","1110.96","37.65","12.66","19.49","381.78","8602.56","-","113.72","1.49"
"Prestige Estates Projects Ltd","Real Estate","74092.06","53.92","33.61","6.28","7.85","20.86","57.11","-","45.90","34.28"
"Bharti Hexacom Ltd","Telecom Services","72917.50","144.56","57.29","15.72","9.94","24.41","20.56","0.27","-8.16","10.09"
"Kalyan Jewellers India Ltd","Precious Metals Jewellery & Watches","71634.55","119.92","67.53","17.11","3.85","52.12","54.19","0.17","37.93","5.80"
"Oberoi Realty Ltd","Real Estate","71176.96","36.94","32.81","5.14","14.74","26.42","25.33","0.20","1.16","52.99"
"Alkem Laboratories Ltd","Pharmaceuticals","69999.93","38.98","24.45","6.53","5.39","28.79","35.93","0.68","82.47","150.19"
"Linde India Ltd","Commodity Chemicals","68011.18","156.68","4.51","19.61","23.83","85.19","155.65","0.15","-19.32","50.90"
"Indian Bank","Public Banks","67469.43","8.01","-2.93","1.12","1.05","2.19","-","2.40","45.18","64.95"
"SBI Cards and Payment Services Ltd","Payment Infrastructure","67149.99","27.89","-5.58","5.56","3.84","30.42","-","0.35","6.18","25.39"
"SRF Ltd","Diversified Chemicals","66642.23","49.89","-14.11","5.81","5.04","26.57","31.83","0.32","-38.23","44.91"
"Indian Railway Catering and Tourism Corporation Ltd","Online Services","66292.00","59.66","-18.46","20.53","14.92","40.76","75.15","0.78","10.46","13.89"
"PI Industries Ltd","Diversified Chemicals","66022.53","39.26","17.90","7.56","8.37","27.72","32.43","0.35","36.76","110.70"
"Bharat Forge Ltd","Iron & Steel","65415.20","68.78","16.45","9.13","4.11","25.43","39.30","0.18","80.02","20.42"
"Patanjali Foods Ltd","Packaged Foods & Meats","64342.78","84.09","19.48","6.30","2.01","41.63","36.85","-","-21.58","21.14"
"NMDC Ltd","Mining - Iron Ore","63969.26","11.48","-6.98","2.49","2.82","6.56","8.65","-","20.18","19.01"
"General Insurance Corporation of India","Insurance","63386.47","9.48","10.24","1.15","1.36","4.85","5.69","-","-3.21","38.11"
"Ashok Leyland Ltd","Trucks & Buses","62871.84","25.32","22.59","5.32","1.34","12.27","-","2.31","100.47","8.46"
"Yes Bank Ltd","Private Banks","62759.50","48.83","-21.95","1.49","1.90","20.85","6.51","-","63.39","0.45"
"Berger Paints India Ltd","Paints","62323.46","53.37","5.58","11.56","5.51","31.82","39.17","0.65","35.86","10.02"
"Schaeffler India Ltd","Auto Parts","60600.50","67.41","18.21","12.61","8.22","40.97","68.52","0.67","2.25","57.52"
"Abbott India Ltd","Pharmaceuticals","60465.21","50.34","10.61","16.35","9.87","34.33","49.86","1.44","26.52","565.30"
"JSW Infrastructure Ltd","Ports","60352.07","52.21","17.41","7.33","14.97","27.31","33.47","0.19","45.25","5.83"
"Voltas Ltd","Home Electronics & Appliances","59415.32","235.78","28.66","10.15","4.67","99.85","78.02","0.31","86.65","7.62"
"Mphasis Ltd","IT Services & Consulting","59017.79","37.96","39.06","6.71","4.37","21.65","27.08","-","-5.37","82.40"
"Supreme Industries Ltd","Plastic Products","58343.44","54.54","9.73","11.42","5.66","33.26","41.29","0.65","23.62","84.21"
"Hitachi Energy India Ltd","Heavy Electrical Equipments","58249.80","355.66","70.24","42.83","11.10","158.38","230.87","0.03","74.42","38.64"
"BSE Ltd","Stock Exchanges & Ratings","57849.03","74.32","33.54","16.75","27.60","46.30","20.35","0.35","252.60","57.48"
"Vodafone Idea Ltd","Telecom Services","57502.35","-1.84","-42.71","-0.55","1.32","16.72","2.76","-","12.81","-6.32"
"Balkrishna Industries Ltd","Tires & Rubber","56933.85","38.69","25.58","6.43","5.80","21.66","27.34","0.54","39.16","76.12"
"Thermax Limited","Industrial Machinery","56818.82","88.05","10.99","12.80","5.87","50.48","229.76","0.24","43.30","57.30"
"Motilal Oswal Financial Services Ltd","Diversified Financials","56643.08","23.20","63.79","6.46","7.94","18.75","-","0.45","162.05","41.10"
"L&T Technology Services Ltd","Software Services","56271.13","43.16","1.93","10.52","5.71","25.52","37.70","0.94","7.44","123.41"
"Phoenix Mills Ltd","Real Estate","55979.33","50.93","-1.09","4.52","13.62","26.64","25.90","0.16","-17.70","30.76"
"Fertilisers And Chemicals Travancore Ltd","Fertilizers & Agro Chemicals","55052.88","376.61","26.34","40.02","10.47","170.92","197.69","-","-76.15","2.26"
"Aditya Birla Capital Ltd","Diversified Financials","54981.20","16.49","-2.68","1.92","1.58","34.20","-","-","-33.01","13.29"
"Jindal Stainless Ltd","Iron & Steel","54260.22","20.00","-9.09","3.77","1.40","11.54","11.26","0.30","5.10","32.95"
"Sundaram Finance Ltd","Consumer Finance","54039.32","37.63","6.64","4.88","7.42","48.91","-","0.61","8.15","130.31"
"Indian Renewable Energy Development Agency Ltd","Specialized Finance","53868.18","43.02","19.33","6.29","10.85","59.93","-","-","33.09","5.04"
"UNO Minda Ltd","Auto Parts","53770.44","61.08","28.86","10.21","3.77","30.33","54.90","0.21","34.36","15.35"
"MRF Ltd","Tires & Rubber","53223.78","25.57","-2.89","3.19","2.09","11.67","16.13","0.16","170.66","4907.21"
"Procter & Gamble Hygiene and Health Care Ltd","FMCG - Personal Products","52915.87","78.39","2.36","55.93","12.43","50.80","64.08","-","-0.46","207.95"
"United Breweries Ltd","Alcoholic Beverages","52635.13","128.37","7.02","12.58","6.42","68.22","757.34","0.05","34.89","15.51"
"Lloyds Metals And Energy Ltd","Iron & Steel","52584.79","42.31","35.66","18.71","8.00","29.36","30.91","0.10","472.69","24.61"
"UCO Bank","Public Banks","52056.24","31.14","-20.69","1.91","2.07","8.08","51.97","0.64","-8.47","1.40"
"Petronet LNG Ltd","Oil & Gas - Storage & Transportation","51757.50","14.17","16.81","2.97","0.97","8.14","10.63","2.90","9.82","24.35"
"Fsn E-Commerce Ventures Ltd","Wellness Services","51262.65","1589.05","3.82","40.02","7.99","138.03","205050.60","-","67.16","0.11"
"Tata Communications Ltd","Telecom Services","50702.93","52.36","1.95","28.32","2.39","14.26","15.93","0.94","-46.08","33.98"
"Coforge Ltd","IT Services & Consulting","50428.34","62.41","44.86","13.53","5.46","34.19","55.82","0.93","15.60","131.48"
"Container Corporation of India Ltd","Logistics","49956.04","39.63","-13.54","4.18","5.42","20.21","35.98","1.40","7.38","20.69"
"Steel Authority of India Ltd","Iron & Steel","48793.90","15.91","-22.41","0.85","0.46","7.15","16.76","-","40.90","7.42"
"IDFC First Bank Ltd","Private Banks","48711.72","16.56","-20.22","1.51","1.34","8.07","4.22","-","11.04","4.30"
"AU Small Finance Bank Ltd","Consumer Finance","48482.35","31.59","6.98","3.86","3.94","18.93","18.59","0.14","4.31","22.98"
"Gujarat Fluorochemicals Ltd","Specialty Chemicals","48197.79","110.81","17.94","8.12","10.98","49.39","76.95","-","-67.27","39.60"
"Astral Ltd","Building Products - Pipes","48168.85","88.21","-8.45","14.74","8.48","49.73","58.50","0.21","39.32","20.33"
"Page Industries Ltd","Apparel & Accessories","48123.67","84.55","19.81","30.14","9.93","53.78","44.54","0.86","-0.36","510.31"
"Glenmark Pharmaceuticals Ltd","Pharmaceuticals","47574.10","-31.68","62.97","6.06","3.65","30.78","-","-","-605.17","-53.22"
"One 97 Communications Ltd","Business Support Services","47442.95","-33.48","94.70","3.57","4.51","-","72.90","-","19.42","-22.32"
"Coromandel International Ltd","Fertilizers & Agro Chemicals","47203.09","28.74","45.69","5.00","2.12","16.99","33.06","0.37","-18.55","55.81"
"Federal Bank Ltd","Private Banks","46285.75","11.93","22.74","1.50","1.73","5.08","7.20","0.63","13.65","17.05"
"Central Bank of India Ltd","Public Banks","45887.45","17.20","-17.15","1.41","1.29","1.79","-","-","58.91","3.07"
"Bank of India Ltd","Public Banks","45030.44","6.86","-31.46","0.64","0.67","-","-","2.83","62.17","15.16"
"Tata Elxsi Ltd","Software Services","44949.84","56.74","-2.41","17.94","12.23","37.48","64.10","0.97","4.91","127.21"
"Fortis Healthcare Ltd","Hospitals & Diagnostic Centres","44810.54","74.82","33.22","5.24","6.19","34.75","40.73","0.17","1.72","7.93"
"GE Vernova T&D India Ltd","Heavy Electrical Equipments","44795.34","247.42","69.19","36.04","14.04","126.24","86.42","0.11","12251.01","7.07"
"Honeywell Automation India Ltd","Electronic Equipments","44752.92","89.26","12.89","12.41","10.65","56.93","102.01","0.20","14.47","567.10"
"Premier Energies Ltd","Renewable Energy","44631.98","192.92","18.92","67.64","14.07","90.09","495.09","-","2113.78","7.77"
"GlaxoSmithKline Pharmaceuticals Ltd","Pharmaceuticals","44562.26","75.53","35.12","25.07","12.39","48.11","76.56","1.22","-3.39","34.83"
"KPIT Technologies Ltd","IT Services & Consulting","44376.77","74.64","18.99","20.52","9.00","41.73","44.30","0.41","55.71","21.96"
"SJVN Ltd","Renewable Energy","43958.69","48.23","-13.55","3.12","14.51","27.23","33.57","1.61","-32.95","2.32"
"Nippon Life India Asset Management Ltd","Asset Management","43699.06","39.46","22.65","10.97","21.45","31.43","56.21","2.38","52.11","17.67"
"Max Financial Services Ltd","Insurance","43516.24","127.95","20.12","9.96","0.93","104.39","7.13","-","-9.94","9.90"
"ACC Ltd","Cement","42379.83","18.14","-7.98","2.59","2.05","10.57","14.15","0.33","163.98","124.03"
"Tata Technologies Ltd","IT Services & Consulting","42191.56","62.10","-3.92","13.10","8.06","39.16","143.35","0.97","10.53","16.75"
"Adani Wilmar Ltd","FMCG - Foods","41362.27","279.51","-6.97","4.97","0.80","29.94","143.16","-","-74.58","1.14"
"APL Apollo Tubes Ltd","Building Products - Pipes","41265.13","56.34","-5.20","11.45","2.27","33.20","37.12","-","8.51","26.40"
"National Aluminium Co Ltd","Metals - Aluminium","41142.39","20.69","22.18","2.86","2.98","11.06","15.13","2.23","38.60","10.83"
"Escorts Kubota Ltd","Tractors","40706.05","38.80","15.21","4.44","4.39","23.70","39.44","0.49","79.32","86.55"
"Housing and Urban Development Corporation Ltd","Specialized Finance","40122.08","18.96","1.40","2.42","5.05","39.86","-","-","24.41","10.57"
"Sona BLW Precision Forgings Ltd","Auto Parts","40015.04","77.36","-3.16","14.29","12.47","43.90","57.76","0.45","30.62","8.83"
"Exide Industries Ltd","Batteries","39920.25","45.54","1.78","3.09","2.37","21.17","26.07","0.43","6.56","10.31"
"UPL Ltd","Fertilizers & Agro Chemicals","39913.56","-33.26","7.32","1.22","0.92","15.74","21.91","0.19","-133.91","-15.99"
"Jubilant Foodworks Ltd","Restaurants & Cafes","39898.17","99.91","37.24","17.79","6.78","32.04","39.52","0.20","13.06","6.05"
"IPCA Laboratories Ltd","Pharmaceuticals","39725.01","72.58","18.27","5.14","5.03","31.11","42.05","0.26","16.13","21.57"
"Bharat Dynamics Ltd","Aerospace & Defense Equipments","39330.32","64.19","11.59","10.81","14.40","39.06","95.53","0.49","73.98","16.72"
"Blue Star Ltd","Home Electronics & Appliances","39069.89","94.16","30.37","14.95","4.01","54.27","135.09","0.37","0.24","20.84"
"Apar Industries Ltd","Electrical Components & Equipments","38974.91","47.24","26.63","10.05","2.40","23.46","-","0.53","26.25","210.39"
"Biocon Ltd","Biotechnology","38947.72","38.09","16.08","1.54","2.49","14.29","13.19","0.15","120.99","8.52"
"Bank of Maharashtra Ltd","Public Banks","38811.59","9.53","-21.77","1.95","1.65","1.85","3.35","2.55","52.34","5.90"
"3M India Ltd","Stationery","38157.10","65.40","13.83","17.77","8.94","43.97","59.34","2.02","29.35","517.89"
"L&T Finance Ltd","Consumer Finance","37453.95","16.14","-10.54","1.59","2.66","34.82","55.61","1.66","42.50","9.34"
"Gujarat Gas Ltd","Gas Distribution","37324.51","32.63","0.02","4.83","2.35","17.70","22.84","-","-25.17","16.61"
"Deepak Nitrite Ltd","Commodity Chemicals","37306.22","46.01","15.35","7.74","4.76","28.88","42.49","0.27","-4.82","59.45"
"AIA Engineering Ltd","Industrial Machinery","36982.86","32.57","3.12","5.55","7.20","20.92","40.97","0.41","7.54","120.39"
"360 One Wam Ltd","Investment Banking & Brokerage","36850.25","45.82","31.58","10.68","12.60","42.89","-","1.61","21.54","22.50"
"Cochin Shipyard Ltd","Shipbuilding","36848.41","47.04","11.88","7.36","8.90","28.10","-","-","242.74","39.70"
"Ajanta Pharma Ltd","Pharmaceuticals","36804.10","45.09","38.31","10.32","8.57","28.95","46.88","1.76","40.23","64.43"
"KEI Industries Ltd","Cables","36581.22","62.99","0.87","11.62","4.49","40.67","59.92","0.09","21.60","64.39"
"Cholamandalam Financial Holdings Ltd","Diversified Financials","36057.97","20.34","74.37","1.63","1.38","32.57","-","0.03","37.37","94.39"
"CRISIL Ltd","Stock Exchanges & Ratings","36029.88","54.72","17.47","16.46","11.14","35.82","46.17","1.10","16.47","90.09"
"Godfrey Phillips India Ltd","FMCG - Tobacco","35411.15","40.10","119.05","8.35","7.33","28.08","122.01","0.82","27.89","169.83"
"Kaynes Technology India Ltd","Electrical Components & Equipments","35009.73","191.01","108.08","14.07","18.82","108.16","499.14","-","64.52","30.03"
"Tata Investment Corporation Ltd","Asset Management","34219.12","88.89","-1.15","1.14","75.94","83.27","145.70","0.41","52.84","76.08"
"Ola Electric Mobility Ltd","Two Wheelers","34084.93","-21.51","-10.35","16.88","6.50","-","-","-","-7.63","-8.10"
"Multi Commodity Exchange of India Ltd","Stock Exchanges & Ratings","34033.88","409.50","66.23","24.69","44.84","237.07","65.34","-","-44.21","16.30"
"Godrej Industries Ltd","Diversified Chemicals","33892.41","565.16","17.64","2.24","1.87","23.58","-","-","-93.85","1.78"
"NLC India Ltd","Metals - Diversified","33750.74","18.20","5.41","1.74","2.22","10.49","6.00","-","32.84","13.37"
"Syngene International Ltd","Labs & Life Sciences Services","33573.28","65.83","19.37","7.89","9.38","30.21","32.22","0.15","9.65","12.70"
"Punjab & Sind Bank","Public Banks","33522.93","56.30","-18.38","2.16","3.07","24.05","19.17","0.40","-54.65","0.88"
"Endurance Technologies Ltd","Auto Parts","33505.19","49.24","27.62","6.73","3.24","23.35","31.70","0.36","41.89","48.38"
"Aditya Birla Fashion and Retail Ltd","Retail - Apparel","33344.82","-53.10","18.63","7.06","2.34","23.84","24.86","-","-1576.36","-6.40"
"LIC Housing Finance Ltd","Home Financing","33036.78","6.94","-10.52","1.05","1.21","46.30","-","1.50","64.63","86.52"
"Mahindra and Mahindra Financial Services Ltd","Consumer Finance","33032.24","17.09","1.56","1.65","2.06","44.69","-","2.35","-6.80","15.66"
"Dalmia Bharat Ltd","Cement","33024.32","39.98","-9.77","2.00","2.20","11.34","12.53","0.51","-20.23","44.06"
"BASF India Ltd","Diversified Chemicals","32892.76","58.40","113.40","10.20","2.38","33.58","40.75","0.20","-","130.13"
"J K Cement Ltd","Cement","32659.36","41.30","2.06","6.14","2.79","16.91","16.67","-","86.71","102.35"
"New India Assurance Company Ltd","Insurance","32602.38","29.20","-11.98","1.15","0.75","12.46","-","-","6.54","6.77"
"Brainbees Solutions Ltd","Retail - Apparel","32459.39","-118.35","-7.94","8.56","4.94","205.36","-","-","54.11","-6.41"
"Embassy Office Parks REIT","Real Estate","32216.06","33.42","6.78","1.38","8.10","15.31","12.43","7.81","90.54","10.17"
"Metro Brands Ltd","Footwear","32080.47","77.77","7.43","16.95","13.22","42.01","54.37","0.42","14.04","15.18"
"Star Health and Allied Insurance Company Ltd","Insurance","32048.88","37.93","-3.76","5.02","2.28","27.01","24.47","-","35.46","14.48"
"Go Digit General Insurance Ltd","Insurance","32008.71","176.18","13.58","11.87","4.40","160.41","18.60","-","406.48","2.08"
"IRB Infrastructure Developers Ltd","Construction & Engineering","31994.62","52.81","-22.49","2.33","3.90","12.75","7.89","0.91","362.69","1.00"
"Suven Pharmaceuticals Ltd","Pharmaceuticals","31823.17","105.98","93.68","15.52","28.59","66.42","88.77","-","-26.99","11.80"
"Apollo Tyres Ltd","Tires & Rubber","31361.28","18.21","1.52","2.26","1.23","7.67","9.12","1.22","64.64","27.11"
"Vedant Fashions Ltd","Textiles","31331.54","75.65","39.85","19.56","21.80","42.80","64.86","0.66","-3.51","17.06"
"Aditya Birla Real Estate Ltd","Textiles","31313.40","619.70","47.65","7.65","6.85","73.75","-","0.18","-81.41","4.52"
"KPR Mill Ltd","Textiles","30951.26","38.43","4.80","7.10","5.05","24.46","45.65","0.55","-0.75","23.56"
"Central Depository Services (India) Ltd","Stock Exchanges & Ratings","30939.32","73.82","40.59","20.53","34.10","52.07","80.17","0.74","51.88","20.05"
"Indraprastha Gas Ltd","Gas Distribution","30320.53","15.27","-3.42","3.14","2.08","9.18","19.79","-","21.07","28.36"
"Radico Khaitan Ltd","Alcoholic Beverages","29896.01","114.03","29.90","12.25","7.23","58.66","163.48","0.13","18.96","19.61"
"J B Chemicals and Pharmaceuticals Ltd","Pharmaceuticals","29797.85","53.92","7.53","10.19","8.46","31.81","37.22","0.64","34.57","35.66"
"Bandhan Bank Ltd","Private Banks","29366.40","13.17","-0.31","1.36","1.40","4.15","1.98","0.82","1.58","13.84"
"Brigade Enterprises Ltd","Real Estate","29328.91","64.94","19.83","8.24","5.79","24.18","87.82","0.16","54.69","19.56"
"Sun Tv Network Ltd","TV Channels & Broadcasters","29160.29","15.15","19.95","2.77","6.08","7.63","13.43","2.26","12.81","48.85"
"Emami Ltd","FMCG - Personal Products","29092.73","40.21","51.44","11.84","8.03","29.22","37.35","1.20","13.72","16.49"
"Whirlpool of India Ltd","Home Electronics & Appliances","29058.72","133.89","46.02","7.56","4.16","49.66","47.63","0.22","-0.90","17.11"
"Sundram Fasteners Ltd","Auto Parts","28887.40","55.37","28.42","8.39","5.05","31.37","49.07","0.50","5.46","24.83"
"Piramal Pharma Ltd","Pharmaceuticals","28770.91","1614.53","53.46","3.64","3.42","24.01","28.64","0.05","109.15","0.14"
"TVS Holdings Ltd","Auto Parts","28664.44","35.81","55.44","4.10","0.71","14.64","-","0.66","34.93","357.95"
"Tata Chemicals Ltd","Diversified Chemicals","28656.26","106.93","0.89","1.24","1.78","14.46","9.50","1.33","-88.43","10.52"
"Bayer Cropscience Ltd","Fertilizers & Agro Chemicals","28524.52","38.52","14.21","10.01","5.50","26.43","29.98","2.21","-2.33","164.77"
"Hindustan Copper Ltd","Mining - Copper","28270.95","95.73","-21.42","12.37","15.96","47.19","96.80","0.31","-0.05","3.05"
"Motherson Sumi Wiring India Ltd","Cables","28268.56","44.29","-10.07","16.86","3.39","27.70","35.74","1.25","31.06","1.44"
"Himadri Speciality Chemical Ltd","Commodity Chemicals","28224.79","68.71","55.49","9.28","6.68","40.86","69.73","0.09","75.06","8.88"
"Global Health Ltd","Hospitals & Diagnostic Centres","28075.29","77.79","-25.24","9.86","11.78","45.16","82.42","-","33.19","13.45"
"Poonawalla Fincorp Ltd","Consumer Finance","28049.24","16.67","-27.02","3.43","5.11","19.32","-","0.55","145.13","21.88"
"Authum Investment & Infrastructure Ltd","Specialized Finance","27956.50","6.52","77.72","2.70","10.48","6.76","8.53","-","-0.45","252.28"
"Gillette India Ltd","FMCG - Personal Products","27681.79","67.24","33.75","27.99","10.41","41.66","59.84","1.53","15.75","126.35"
"Delhivery Ltd","Logistics","27565.26","-110.62","-17.03","3.01","3.20","46.95","58.35","-","76.87","-3.40"
"ICICI Securities Ltd","Investment Banking & Brokerage","27195.35","16.05","15.60","6.99","5.39","13.79","-","3.45","52.25","52.43"
"Inox Wind Ltd","Heavy Electrical Equipments","27129.35","-670.85","38.78","12.38","15.08","99.77","-","-","95.20","-0.31"
"Dr. Lal PathLabs Ltd","Hospitals & Diagnostic Centres","27118.80","75.81","44.74","14.38","11.81","39.00","50.66","0.55","49.65","42.88"
"Mangalore Refinery and Petrochemicals Ltd","Oil & Gas - Refining & Marketing","27098.68","7.53","-31.14","2.04","0.30","5.03","3.85","1.94","35.46","20.52"
"Angel One Ltd","Investment Banking & Brokerage","26709.94","23.73","3.73","8.79","6.24","12.41","-","1.09","25.60","134.45"
"Carborundum Universal Ltd","Industrial Machinery","26677.97","57.84","7.00","8.17","5.53","30.76","44.35","0.29","11.30","24.26"
"Gland Pharma Ltd","Pharmaceuticals","26481.37","34.28","-9.80","3.04","4.54","16.64","26.57","1.24","-1.22","46.90"
"ZF Commercial Vehicle Control Systems India Ltd","Auto Parts","26371.49","64.88","-1.36","9.45","6.74","37.88","136.74","0.12","27.95","214.29"
"Emcure Pharmaceuticals Ltd","Pharmaceuticals","26278.05","52.75","2.24","8.42","3.91","22.13","23.95","-","-6.44","27.52"
"Timken India Ltd","Industrial Machinery","26099.77","66.56","11.17","10.80","8.85","41.80","76.78","0.07","0.36","52.13"
"Poly Medicure Ltd","Health Care Equipment & Supplies","26070.67","100.95","67.84","17.73","18.14","61.55","97.98","-","44.01","26.91"
"Aegis Logistics Ltd","Oil & Gas - Storage & Transportation","26016.12","45.71","37.83","5.83","3.60","24.53","39.69","0.44","22.95","16.21"
"Sumitomo Chemical India Ltd","Commodity Chemicals","25838.28","69.92","28.67","10.57","8.79","44.40","34.12","1.14","-26.41","7.40"
"SKF India Ltd","Industrial Machinery","25543.85","46.29","12.20","9.52","5.48","29.98","40.93","2.51","5.13","111.70"
"NBCC (India) Ltd","Construction & Engineering","25531.20","63.58","5.65","10.58","2.39","35.72","349.50","0.44","50.59","1.49"
"Crompton Greaves Consumer Electricals Ltd","Home Electronics & Appliances","25511.06","57.99","28.71","7.40","3.46","32.90","30.25","0.76","-5.75","6.88"
"Five-Star Business Finance Ltd","Consumer Finance","25279.61","30.24","27.00","4.87","11.52","26.24","-","-","38.25","28.64"
"Grindwell Norton Ltd","Industrial Machinery","25207.62","65.71","10.39","12.20","9.15","41.98","68.51","0.75","6.01","34.65"
"Pfizer Ltd","Pharmaceuticals","25168.11","45.65","32.51","7.00","10.57","28.12","97.99","0.64","-11.64","120.50"
"Narayana Hrudayalaya Ltd","Hospitals & Diagnostic Centres","25100.09","31.80","-1.23","8.70","4.93","20.50","23.53","0.33","30.19","38.62"
"CESC Ltd","Power Generation","24928.68","18.11","32.16","2.08","1.44","8.72","10.60","2.40","2.50","10.33"
"Hatsun Agro Product Ltd","FMCG - Foods","24846.46","92.96","-0.09","15.80","3.10","29.83","-","0.54","60.01","12.00"
"KEC International Ltd","Construction & Engineering","24819.16","71.57","27.07","6.06","1.24","20.26","79.77","0.41","97.00","13.49"
"Ratnamani Metals and Tubes Ltd","Building Products - Pipes","24712.69","39.68","22.43","7.68","4.82","25.40","48.34","0.40","22.00","88.85"
"PNB Housing Finance Ltd","Home Financing","24624.01","16.33","22.74","1.64","3.49","38.42","-","-","26.73","65.05"
"Nuvama Wealth Management Ltd","Diversified Financials","24544.75","39.25","31.95","8.47","7.77","19.70","-","-","103.26","177.73"
"Laurus Labs Ltd","Pharmaceuticals","24232.52","150.93","3.78","5.89","4.78","33.18","36.40","0.18","-79.71","2.98"
"Firstsource Solutions Ltd","Outsourced services","24184.98","46.99","72.43","6.54","3.79","24.72","37.51","1.01","0.19","7.39"
"Triveni Turbine Ltd","Heavy Electrical Equipments","23677.06","87.98","40.19","24.63","13.80","59.48","87.37","0.48","40.97","8.47"
"Natco Pharma Ltd","Pharmaceuticals","23646.09","17.03","29.08","4.04","5.73","12.04","19.52","-","95.82","76.79"
"Anant Raj Ltd","Real Estate","23602.43","90.47","91.74","6.41","15.52","64.47","-","0.11","58.30","7.83"
"Jyoti CNC Automation Ltd","Computer Hardware","23495.08","155.74","26.85","17.22","17.47","76.16","-","-","761.11","11.59"
"Piramal Enterprises Ltd","Diversified Financials","23448.17","-13.93","21.50","0.88","2.27","-","887.18","0.96","-124.58","-72.67"
"EIH Ltd","Hotels Resorts & Cruise Lines","23438.65","36.67","-19.92","5.74","8.57","21.57","32.93","0.32","103.17","10.22"
"Amara Raja Energy & Mobility Ltd","Batteries","23321.09","24.96","9.83","3.43","1.97","13.01","18.42","0.78","23.44","52.81"
"Tejas Networks Ltd","Telecom Equipments","23230.91","368.86","21.62","7.38","9.16","74.05","-","-","240.26","2.68"
"CPSE ETF","Equity","23025.67","-","9.82","-","-","-","-","0.00","-","-"
"Shyam Metalics and Energy Ltd","Iron & Steel","22979.89","22.21","35.43","2.23","1.72","13.27","12.81","0.54","16.13","38.82"
"Computer Age Management Services Ltd","Diversified Financials","22474.26","63.55","39.94","24.54","19.09","40.24","55.98","1.02","23.68","72.07"
"Atul Ltd","Diversified Chemicals","22353.36","69.20","28.52","4.33","4.66","31.42","33.49","0.26","-37.04","109.41"
"Kansai Nerolac Paints Ltd","Paints","22307.71","18.82","-0.40","3.98","2.61","11.80","24.70","1.36","150.31","14.66"
"Gujarat State Petronet Ltd","Gas Distribution","22015.53","13.27","29.51","1.53","1.25","6.65","7.85","1.28","1.10","29.41"
"Amber Enterprises India Ltd","Home Electronics & Appliances","21644.03","162.87","69.11","10.23","3.19","41.18","22.43","-","-15.47","39.44"
"ITI Ltd","Telecom Equipments","21576.72","-37.93","-23.44","12.09","16.49","-","22.16","-","-55.83","-5.96"
"Bikaji Foods International Ltd","FMCG - Foods","21477.78","80.83","64.77","17.66","9.11","51.19","87.78","-","93.72","10.65"
"Alembic Pharmaceuticals Ltd","Pharmaceuticals","21358.55","34.68","15.57","4.43","3.41","22.63","26.59","1.01","80.07","31.33"
"Krishna Institute of Medical Sciences Ltd","Hospitals & Diagnostic Centres","21299.40","68.68","33.04","10.18","8.48","34.49","40.87","-","-7.79","7.75"
"Aditya Birla Sun Life Amc Ltd","Asset Management","21207.09","27.18","38.74","6.69","12.93","20.33","30.97","1.83","30.83","27.09"
"Affle (India) Ltd","Advertising","21055.66","70.83","40.73","8.43","11.08","47.94","80.28","-","18.49","21.76"
"Jindal SAW Ltd","Building Products - Pipes","20962.71","12.50","32.62","2.23","0.99","7.19","8.08","0.61","160.43","26.22"
"Castrol India Ltd","Commodity Chemicals","20895.21","24.18","1.39","9.85","4.05","15.43","24.49","-","6.01","8.74"
"Jupiter Wagons Ltd","Rail","20581.79","62.08","25.06","12.61","5.61","40.46","-","0.12","165.99","8.29"
"Devyani International Ltd","Restaurants & Cafes","20448.63","432.59","1.81","15.16","5.70","40.23","34.51","-","-82.17","0.39"
"Vinati Organics Ltd","Specialty Chemicals","20353.71","63.02","18.38","8.27","10.50","39.86","61.34","0.36","-23.28","31.29"
"KIOCL Ltd","Iron & Steel","20338.39","-244.16","-23.34","10.60","10.68","-","194.20","-","14.70","-1.37"
"Nexus Select Trust","Real Estate","20173.74","33.70","8.47","1.35","10.07","17.02","16.57","1.57","-","7.90"
"Mindspace Business Parks REIT","Real Estate","20155.50","38.39","8.36","1.35","8.14","15.60","13.20","1.40","85.12","8.85"
"Signatureglobal (India) Ltd","Real Estate","20105.67","1244.16","17.76","31.94","15.18","377.83","217.59","-","122.76","1.22"
"Kajaria Ceramics Ltd","Building Products - Ceramics","20096.98","47.61","5.02","7.51","4.35","26.70","33.40","0.95","22.51","26.51"
"Aster DM Healthcare Ltd","Hospitals & Diagnostic Centres","20020.46","154.86","0.63","3.98","5.37","35.84","126.86","0.50","-69.57","2.59"
"Kalpataru Projects International Ltd","Power Infrastructure","19981.69","39.21","4.28","3.91","1.01","12.21","23.70","0.65","10.81","31.37"
"Elgi Equipments Ltd","Industrial Machinery","19888.86","63.77","0.12","12.35","6.07","35.86","69.13","0.32","-15.89","9.84"
"Ramco Cements Limited","Cement","19821.39","55.07","3.67","2.74","2.11","15.35","10.40","0.30","14.44","15.23"
"JBM Auto Ltd","Auto Parts","19565.76","109.40","-6.59","16.41","3.88","35.24","95.54","0.09","43.79","15.12"
"Century Plyboards (India) Ltd","Wood Products","19530.12","59.84","37.43","8.85","4.97","35.82","77.60","-","-13.25","14.60"
"CIE Automotive India Ltd","Auto Parts","19499.23","17.33","3.25","3.26","2.01","10.55","14.10","0.97","926.02","29.66"
"Finolex Cables Ltd","Cables","19493.65","29.91","26.42","3.94","3.65","18.95","33.79","-","29.23","42.61"
"Concord Biotech Ltd","Pharmaceuticals","19284.43","62.59","14.25","12.63","18.29","40.49","72.64","0.47","28.33","29.45"
"Jai Balaji Industries Ltd","Iron & Steel","19193.77","21.82","5.66","12.76","2.90","17.46","22.88","-","1159.40","56.91"
"Blue Dart Express Ltd","Logistics","19042.50","63.26","28.33","13.93","3.58","21.74","22.49","0.31","-18.76","126.86"
"Cyient Ltd","Software Services","18959.04","27.77","-9.52","4.16","2.63","14.59","26.11","1.75","32.39","61.66"
"Ircon International Ltd","Construction & Engineering","18950.45","20.39","-11.57","3.21","1.47","10.59","-","1.54","21.48","9.88"
"Relaxo Footwears Ltd","Footwear","18908.13","94.32","-7.57","9.45","6.42","43.25","80.42","0.39","29.78","8.05"
"PTC Industries Ltd","Iron & Steel","18828.14","445.95","59.29","29.16","69.67","219.13","-","-","55.47","30.35"
"Chambal Fertilisers and Chemicals Ltd","Fertilizers & Agro Chemicals","18824.65","14.76","23.51","2.57","1.03","7.81","5.66","1.60","25.71","31.24"
"Bombay Burmah Trading Corporation Ltd","Tea & Coffee","18820.27","27.50","70.67","2.83","1.08","6.35","9.23","0.04","140.83","98.03"
"Sobha Ltd","Real Estate","18758.00","381.96","-0.87","7.46","5.83","50.32","28.97","0.15","-52.87","5.04"
"Welspun Corp Ltd","Iron & Steel","18686.22","16.83","26.95","3.25","1.05","9.30","14.31","-","436.49","42.45"
"Finolex Industries Ltd","Building Products - Pipes","18645.26","39.37","18.25","3.31","4.11","21.30","52.77","0.83","89.24","7.66"
"Cello World Ltd","FMCG - Household Products","18559.86","56.06","-5.97","13.55","9.16","35.51","80.28","0.17","19.13","16.26"
"V Guard Industries Ltd","Electrical Components & Equipments","18526.41","71.92","24.96","10.21","3.79","40.89","47.17","0.33","35.75","5.94"
"Garden Reach Shipbuilders & Engineers Ltd","Shipbuilding","18440.01","51.62","68.03","11.02","4.74","27.64","-","0.58","56.60","31.19"
"Jyothy Labs Ltd","FMCG - Household Products","18362.27","49.70","18.79","10.14","6.53","33.84","40.10","0.70","54.11","10.06"
"Techno Electric & Engineering Company Ltd","Construction & Engineering","18307.88","68.20","66.37","8.46","11.17","49.57","-","0.41","45.26","24.95"
"Schneider Electric Infrastructure Ltd","Heavy Electrical Equipments","18262.77","106.16","4.18","39.09","8.24","61.78","95.16","-","39.15","7.19"
"Chalet Hotels Ltd","Hotels Resorts & Cruise Lines","18253.00","65.62","-5.68","8.90","12.70","34.62","26.48","-","51.56","13.55"
"R R Kabel Ltd","Cables","18217.94","61.11","-1.50","9.96","2.74","34.71","53.74","0.37","44.13","28.60"
"NCC Ltd","Construction & Engineering","18144.77","25.53","17.17","2.66","0.87","9.71","13.35","0.76","14.99","11.32"
"Astrazeneca Pharma India Ltd","Pharmaceuticals","18058.13","111.81","37.71","25.37","13.41","74.49","647.94","0.33","62.66","64.60"
"Aadhar Housing Finance Ltd","Consumer Finance","18053.47","24.08","27.49","4.06","6.98","31.35","-","-","37.61","18.99"
"Jubilant Pharmova Ltd","Pharmaceuticals","18029.51","233.85","66.10","3.33","2.65","25.13","18.56","0.44","226.77","4.85"
"Bata India Ltd","Footwear","17932.16","68.31","3.19","11.74","5.07","23.15","39.58","0.86","-18.73","20.42"
"Aarti Industries Ltd","Specialty Chemicals","17870.39","42.91","-33.47","3.38","2.80","21.30","14.84","0.20","-18.05","11.49"
"IIFL Finance Ltd","Investment Banking & Brokerage","17829.25","10.11","2.40","1.48","1.70","22.58","-","-","18.96","45.61"
"Neuland Laboratories Ltd","Pharmaceuticals","17818.73","59.38","84.28","13.89","11.34","37.46","68.22","0.10","83.50","233.88"
"Aptus Value Housing Finance India Ltd","Home Financing","17763.37","29.03","7.22","4.71","12.54","28.18","-","0.56","21.40","12.28"
"LMW Ltd","Industrial Machinery","17658.09","47.26","-2.35","6.53","3.65","28.27","125.61","0.45","-2.70","349.77"
"HFCL Ltd","Telecom Equipments","17581.84","53.31","26.61","4.40","3.85","26.76","-","-","7.05","2.34"
"Eris Lifesciences Ltd","Pharmaceuticals","17378.67","44.34","44.60","5.39","8.35","27.76","35.76","-","2.53","28.82"
"Great Eastern Shipping Company Ltd","Oil & Gas - Storage & Transportation","17339.07","6.63","19.06","1.40","2.93","3.67","6.17","3.61","1.52","183.10"
"Karur Vysya Bank Ltd","Private Banks","17299.59","10.78","12.13","1.72","1.75","5.29","5.86","1.12","44.69","19.98"
"PCBL Ltd","Commodity Chemicals","17282.13","35.20","71.64","5.32","2.68","20.33","15.63","1.20","66.68","13.01"
"Newgen Software Technologies Ltd","Software Services","17260.23","68.60","65.57","14.11","13.36","49.25","61.33","0.32","41.78","18.03"
"Ramkrishna Forgings Ltd","Rail","17075.88","50.01","24.74","6.36","4.29","20.74","27.49","0.21","29.17","20.04"
"Kfin Technologies Ltd","Business Support Services","17075.45","69.40","54.97","14.97","19.80","43.01","59.03","0.58","24.45","14.46"
"Tbo Tek Ltd","Tour & Travel Services","17073.59","84.46","14.34","31.34","12.05","58.23","75.38","-","40.14","19.39"
"Asahi India Glass Ltd","Auto Parts","16899.61","51.53","15.13","7.25","3.86","24.71","25.87","0.29","-10.11","13.49"
"Sonata Software Ltd","IT Services & Consulting","16842.75","54.60","-8.17","11.98","1.93","24.34","60.04","1.88","-31.81","11.12"
"Anand Rathi Wealth Ltd","Asset Management","16798.19","74.67","2.31","25.39","22.34","51.78","60.52","0.35","33.23","53.87"
"Akzo Nobel India Ltd","Specialty Chemicals","16780.01","39.33","51.32","12.62","4.20","24.43","34.56","1.76","27.31","93.68"
"Trident Ltd","Textiles","16681.64","47.73","-17.02","3.86","2.43","18.31","58.06","1.10","-20.70","0.69"
"Sarda Energy & Minerals Ltd","Iron & Steel","16637.68","31.81","110.55","4.17","4.11","17.14","22.12","-","-12.14","14.84"
"Birlasoft Ltd","IT Services & Consulting","16623.70","26.65","-8.03","5.46","3.09","16.24","23.15","1.08","89.34","22.65"
"Waaree Renewable Technologies Ltd","Construction & Engineering","16524.12","111.55","-39.60","71.22","18.78","78.03","130.32","0.06","167.09","14.23"
"Kirloskar Oil Engines Ltd","Industrial Machinery","16426.84","37.18","20.19","6.17","2.77","18.80","-","0.53","32.78","30.51"
"Wockhardt Ltd","Pharmaceuticals","16426.18","-35.48","88.21","4.49","5.70","171.82","75.01","-","19.77","-31.13"
"Doms Industries Ltd","Office Supplies","16412.26","107.17","48.82","19.49","10.61","57.65","89.88","-","53.77","26.19"
"Navin Fluorine International Ltd","Specialty Chemicals","16401.49","60.63","-1.98","6.88","7.55","34.09","21.87","0.45","-27.91","54.58"
"DCM Shriram Ltd","Diversified Chemicals","16355.37","36.58","16.03","2.51","1.45","16.37","20.60","0.66","-50.91","27.27"
"Indian Energy Exchange Ltd","Power Trading & Consultancy","16257.08","46.34","19.41","16.72","28.94","31.09","54.47","1.37","15.12","3.94"
"Reliance Power Ltd","Power Generation","16208.48","-7.84","44.11","1.40","1.57","20.51","5.11","-","-304.40","-5.34"
"Clean Science and Technology Ltd","Specialty Chemicals","16189.36","66.34","17.17","13.46","19.44","42.49","68.28","0.33","-17.34","22.97"
"BEML Ltd","Rail","16150.99","57.31","10.24","6.05","3.94","33.29","35.29","0.53","100.68","67.26"
"Indegene Ltd","Business Support Services","16131.51","47.91","18.09","11.29","5.85","26.77","31.77","-","26.23","15.18"
"Titagarh Rail Systems Ltd","Rail","16049.07","56.09","19.97","7.23","4.12","32.06","187.07","0.07","106.71","22.51"
"Zen Technologies Ltd","Electronic Equipments","15936.72","124.62","73.73","34.18","34.86","79.76","1187.54","0.05","190.91","15.64"
"CreditAccess Grameen Ltd","Consumer Finance","15836.61","10.95","-34.00","2.41","3.06","18.27","-","0.10","73.11","90.86"
"Zensar Technologies Ltd","IT Services & Consulting","15697.17","23.60","21.05","4.41","3.10","14.08","24.45","1.30","102.87","29.36"
"Bls International Services Ltd","Outsourced services","15673.66","50.08","13.56","10.87","9.13","38.28","44.80","0.26","55.51","7.61"
"UTI Asset Management Company Ltd","Asset Management","15634.90","20.42","30.54","3.14","8.97","15.45","48.09","3.83","74.86","60.23"
"Mahanagar Gas Ltd","Gas Distribution","15602.44","12.22","12.23","3.04","2.41","7.09","9.95","1.90","61.56","129.22"
"UTI S&P BSE Sensex ETF","Equity","15503.00","-","9.58","-","-","-","-","0.00","-","-"
"HBL Power Systems Ltd","Batteries","15484.11","55.13","19.26","12.69","6.82","35.54","56.70","-","184.73","10.13"
"PG Electroplast Ltd","Electronic Equipments","15297.44","113.57","188.93","14.74","5.54","56.59","82.09","0.00","56.80","5.52"
"Action Construction Equipment Ltd","Heavy Machinery","15183.81","46.27","-15.37","12.33","5.08","30.62","35.03","0.16","91.22","27.56"
"Swan Energy Ltd","Textiles","15174.45","50.39","-21.46","1.89","2.98","19.97","586.57","-","866.91","10.43"
"Welspun Living Ltd","Textiles","15110.39","22.19","-1.20","3.28","1.54","11.01","28.36","-","245.39","6.95"
"Capri Global Capital Ltd","Consumer Finance","15079.90","53.97","-19.61","3.93","6.52","54.71","-","0.08","29.74","3.39"
"Sanofi India Ltd","Pharmaceuticals","15078.84","25.01","28.60","14.85","5.14","16.57","65.45","2.55","-","261.78"
"KSB Ltd","Industrial Machinery","15050.04","72.10","-7.29","11.56","6.57","44.07","106.36","0.40","14.23","11.99"
"PVR INOX Ltd","Theatres","15028.97","-469.66","7.76","2.05","2.40","11.65","7.59","-","92.26","-3.26"
"G R Infraprojects Ltd","Construction & Engineering","15015.52","11.34","15.29","1.98","1.60","7.13","-","-","-8.99","136.90"
"Indiamart Intermesh Ltd","Online Services","14901.23","44.62","-5.71","8.58","10.59","25.25","26.65","0.80","78.15","55.15"
"Fine Organic Industries Ltd","Specialty Chemicals","14822.26","35.99","11.75","7.72","6.75","22.86","23.36","0.21","-33.36","134.34"
"Netweb Technologies India Ltd","IT Services & Consulting","14813.20","195.14","58.55","35.04","20.13","127.60","806.38","0.08","53.51","14.15"
"Supreme Petrochem Ltd","Specialty Chemicals","14670.99","42.34","21.15","7.27","2.73","25.46","26.34","1.41","4.33","18.43"
"Gravita India Ltd","Metals - Lead","14555.01","60.85","120.20","17.11","4.49","41.22","343.28","0.25","18.94","34.65"
"Tata Teleservices (Maharashtra) Ltd","Telecom Services","14550.53","-11.84","-12.33","-0.76","12.05","63.52","24.83","-","-7.31","-6.28"
"Strides Pharma Science Ltd","Pharmaceuticals","14347.78","-203.17","74.65","6.93","3.46","34.96","20.47","-","65.55","-7.75"
"Inox Wind Energy Ltd","Heavy Electrical Equipments","14306.19","-211.94","78.99","4.22","7.91","58.06","-","-","82.01","-58.02"
"Godrej Agrovet Ltd","Agro Products","14304.25","39.77","36.20","4.90","1.48","20.21","21.10","1.34","19.10","18.71"
"IFCI Ltd","Specialized Finance","14251.91","137.50","18.29","1.86","6.73","21.30","1200.67","-","145.76","0.44"
"Deepak Fertilisers and Petrochemicals Corp Ltd","Fertilizers & Agro Chemicals","14122.86","31.92","101.90","2.59","1.61","12.55","19.30","0.76","-64.25","35.05"
"LT Foods Ltd","Packaged Foods & Meats","14107.15","23.78","88.78","4.12","1.79","14.50","18.64","-","41.55","17.09"
"RITES Ltd","Business Support Services","14074.48","30.91","-12.57","5.17","5.53","14.69","32.61","3.07","-15.98","9.48"
"Rainbow Children's Medicare Ltd","Hospitals & Diagnostic Centres","14009.56","64.56","2.58","11.08","10.50","30.81","43.59","0.22","-0.85","21.38"
"Sterling and Wilson Renewable Energy Ltd","Renewable Energy Equipment & Services","13973.90","-65.94","-5.28","14.63","4.48","181.02","25.95","-","83.74","-10.02"
"Ingersoll-Rand (India) Ltd","Industrial Machinery","13957.95","62.77","13.79","24.05","11.25","43.23","67.46","1.58","21.77","70.44"
"Akums Drugs and Pharmaceuticals Ltd","Pharmaceuticals","13915.99","-3453.10","11.04","19.31","3.30","108.53","27.93","-","-104.25","-0.28"
"Caplin Point Laboratories Ltd","Pharmaceuticals","13904.06","30.42","37.05","5.92","7.89","21.25","43.67","-","21.36","60.21"
"Raymond Lifestyle Ltd","Apparel & Accessories","13789.68","6.26","-21.08","5.88","5.89","5.89","-","-","6019.49","1479.36"
"Kirloskar Brothers Ltd","Industrial Machinery","13761.17","39.53","36.52","7.98","3.38","22.86","36.59","0.35","48.18","43.84"
"Granules India Ltd","Pharmaceuticals","13710.80","33.83","36.48","4.25","3.04","17.02","31.20","0.27","-20.63","16.73"
"E I D-Parry (India) Ltd","Sugar","13680.66","15.21","24.72","1.22","0.46","5.54","6.94","0.52","-5.08","50.68"
"Nava Limited","Iron & Steel","13590.85","10.82","90.34","1.63","3.34","7.42","4.28","0.43","2.81","86.57"
"Praj Industries Ltd","Construction & Engineering","13547.02","47.81","40.60","10.63","3.84","30.38","67.94","0.81","18.12","15.42"
"JM Financial Ltd","Investment Banking & Brokerage","13540.16","33.04","74.26","1.22","2.80","66.17","3.72","1.41","-31.44","4.29"
"Olectra Greentech Ltd","Electrical Components & Equipments","13499.82","175.66","-6.97","14.73","11.50","72.49","94.40","-","17.17","9.36"
"Elecon Engineering Company Ltd","Heavy Electrical Equipments","13444.92","37.81","6.38","8.38","6.76","24.85","36.85","0.25","49.71","15.85"
"Maharashtra Scooters Ltd","Two Wheelers","13369.82","67.08","47.91","0.49","59.81","65.39","64.90","1.45","2.06","174.40"
"Craftsman Automation Ltd","Industrial Machinery","13349.11","43.84","30.05","7.62","2.99","16.85","26.01","0.18","22.58","144.11"
"eClerx Services Limited","Outsourced services","13344.11","26.09","20.76","5.93","4.46","14.92","25.37","0.04","6.16","106.26"
"Aavas Financiers Ltd","Home Financing","13334.17","27.17","4.83","3.53","6.60","36.37","-","-","14.07","62.04"
"Glenmark Life Sciences Ltd","Pharmaceuticals","13186.54","28.00","30.25","5.65","5.75","18.80","31.89","-","0.84","38.43"
"NMDC Steel Ltd","Iron & Steel","13170.14","-8.44","-31.13","0.85","4.16","-","-","-","-","-5.32"
"Redington Ltd","Technology Hardware","13120.52","10.77","-23.05","1.67","0.15","6.50","12.16","3.69","-12.51","15.59"
"Voltamp Transformers Ltd","Heavy Electrical Equipments","13029.89","42.39","26.25","9.63","7.64","31.54","60.25","0.70","53.71","303.79"
"Honasa Consumer Ltd","FMCG - Personal Products","12981.59","116.15","-8.69","11.85","6.59","66.04","55.16","-","123.17","4.85"
"Transformers and Rectifiers (India) Ltd","Heavy Electrical Equipments","12952.16","291.06","17.82","23.01","9.96","94.23","444.48","0.02","5.26","3.23"
"Cube Highways Trust","Roads","12906.89","-18.28","0.00","1.00","4.20","15.84","6.90","-","-","-4.88"
"Westlife Foodworld Ltd","Restaurants & Cafes","12827.98","185.30","1.20","21.81","5.32","36.56","37.78","0.42","-37.96","4.44"
"Railtel Corporation of India Ltd","Communication & Networking","12733.23","51.72","2.63","6.97","4.86","24.80","22.89","0.72","30.79","7.67"
"RedTape","Retail - Apparel","12697.99","72.05","26.63","19.58","6.84","39.62","150.50","-","-37.99","12.75"
"Jaiprakash Power Ventures Ltd","Renewable Energy","12644.63","12.37","1.10","1.10","1.77","7.35","6.56","-","1744.01","1.49"
"Data Patterns (India) Ltd","Aerospace & Defense Equipments","12524.17","68.93","-22.55","9.46","22.13","44.36","89.86","0.29","41.17","32.45"
"Godawari Power and Ispat Ltd","Iron & Steel","12439.59","13.30","7.42","2.73","2.23","8.02","11.91","0.55","18.11","13.74"
"Vardhman Textiles Ltd","Textiles","12424.40","19.67","-6.53","1.35","1.26","10.43","-","-","-20.61","22.20"
"Tega Industries Ltd","Industrial Machinery","12413.86","64.04","25.03","10.42","8.17","36.07","49.23","0.11","5.16","29.18"
"Manappuram Finance Ltd","Consumer Finance","12412.97","5.67","-22.92","1.07","1.39","13.59","-","2.25","46.31","25.86"
"Balrampur Chini Mills Ltd","Sugar","12383.37","23.17","61.93","3.64","2.14","14.50","69.64","0.49","89.15","26.49"
"City Union Bank Ltd","Private Banks","12380.33","12.19","7.25","1.47","2.06","4.16","28.38","0.90","8.27","13.72"
"Marksans Pharma Ltd","Pharmaceuticals","12242.22","39.03","59.10","5.87","5.50","23.20","53.13","-","12.10","6.92"
"Nuvoco Vistas Corporation Ltd","Cement","12157.60","82.50","-1.55","1.35","1.13","9.93","7.63","-","829.19","4.13"
"Genus Power Infrastructures Ltd","Electronic Equipments","12113.23","139.76","29.37","7.71","9.43","54.18","-","-","171.75","3.42"
"Minda Corporation Ltd","Auto Parts","11985.21","52.75","23.24","6.05","2.57","22.66","41.79","0.28","-20.14","9.50"
"RHI Magnesita India Ltd","Cement","11965.73","-119.11","-11.37","3.11","3.16","53.35","44.22","-","80.93","-5.09"
"IIFL Securities Ltd","Diversified Financials","11940.80","23.31","165.85","6.68","5.35","10.84","-","0.77","104.55","16.71"
"Usha Martin Ltd","Iron & Steel","11907.79","28.09","8.27","5.00","3.63","18.59","26.83","0.71","21.08","13.88"
"Zee Entertainment Enterprises Ltd","TV Channels & Broadcasters","11869.14","83.94","-13.92","1.11","1.35","16.11","92.01","0.81","195.39","1.47"
"Zydus Wellness Ltd","FMCG - Foods","11780.86","44.14","13.22","2.20","5.03","38.30","47.81","0.27","-14.01","41.94"
"Chennai Petroleum Corporation Ltd","Oil & Gas - Refining & Marketing","11705.18","4.26","-15.31","1.26","0.18","3.07","4.34","7.00","-22.27","184.34"
"Happiest Minds Technologies Ltd","IT Services & Consulting","11639.48","46.86","-4.19","7.86","6.74","24.85","54.76","0.74","5.05","16.98"
"TTK Prestige Ltd","Home Electronics & Appliances","11630.25","50.90","21.36","5.57","3.97","28.42","40.26","0.72","-10.11","16.48"
"Can Fin Homes Ltd","Home Financing","11601.72","15.45","17.08","2.67","3.29","44.33","-","0.69","20.84","56.38"
"Powergrid Infrastructure Investment Trust","Power Transmission & Distribution","11516.95","12.43","-9.35","1.41","8.84","8.34","9.36","2.37","574.94","10.18"
"MMTC Ltd","Commodities Trading","11499.00","59.83","2.42","7.07","30.21","50.19","-","-","-87.70","1.28"
"Symphony Ltd","Home Electronics & Appliances","11490.79","77.57","74.55","15.34","9.52","52.48","71.12","0.78","28.15","21.33"
"CEAT Ltd","Tires & Rubber","11445.96","17.81","11.92","2.82","0.96","8.07","6.66","1.06","245.20","158.87"
"Vesuvius India Ltd","Industrial Machinery","11411.78","53.59","44.24","9.56","6.97","34.06","138.53","0.23","82.34","104.92"
"Bengal & Assam Company Ltd","Diversified Financials","11399.63","2.93","18.85","1.23","0.72","2.67","6.27","0.40","315.01","3444.98"
"Gujarat Mineral Development Corporation Ltd","Mining - Diversified","11304.90","18.31","-11.64","1.85","4.12","12.00","104.10","-","-48.75","19.41"
"Intellect Design Arena Ltd","Software Services","11278.69","35.12","-17.97","4.60","4.39","18.63","27.50","0.42","19.19","23.57"
"JSW Holdings Ltd","Asset Management","11233.35","72.21","46.72","0.44","66.25","71.30","97.69","-","-53.08","140.18"
"Jubilant Ingrevia Ltd","Specialty Chemicals","11183.09","61.15","31.87","4.09","2.68","25.95","26.01","0.71","-40.59","11.48"
"India Cements Ltd","Cement","11145.45","-49.03","60.41","1.99","2.14","66.57","32.41","-","-79.18","-7.34"
"Safari Industries (India) Ltd","Apparel & Accessories","11137.23","63.35","9.14","13.52","7.12","37.46","51.34","0.18","34.72","36.55"
"CE Info Systems Ltd","Software Services","11130.68","83.09","0.73","16.87","26.66","56.38","147.39","0.17","23.94","24.87"
"Prudent Corporate Advisory Services Ltd","Asset Management","11115.00","80.10","79.71","23.09","13.48","52.23","74.30","-","18.93","33.51"
"Sanofi Consumer Healthcare India Ltd","Pharmaceuticals","11072.43","67.19","-1.95","-","20.91","50.06","-","-","-","71.54"
"Metropolis Healthcare Ltd","Hospitals & Diagnostic Centres","10876.11","85.09","15.93","9.89","8.94","36.87","41.19","0.19","-10.59","24.96"
"Alok Industries Ltd","Textiles","10824.22","-12.78","-20.44","-0.67","1.96","466.26","-","-","3.82","-1.71"
"Bharat 22 ETF","Equity","10739.05","-","8.14","-","-","-","-","0.00","-","-"
"JK Tyre & Industries Ltd","Tires & Rubber","10689.52","13.60","-3.51","2.32","0.71","6.99","6.62","1.10","190.98","31.02"
"Alkyl Amines Chemicals Ltd","Specialty Chemicals","10677.46","71.72","-1.09","8.43","7.34","40.07","38.83","0.48","-34.93","29.13"
"Aether Industries Ltd","Specialty Chemicals","10665.58","129.30","-3.63","5.17","16.71","65.27","-","-","-41.64","6.42"
"Raymond Ltd","Apparel & Accessories","10634.92","6.49","26.90","2.10","1.03","5.41","19.94","0.63","209.68","148.59"
"Nippon India ETF Nifty Bank BeES","Equity","10625.95","-","7.76","-","-","-","-","0.00","-","-"
"Va Tech Wabag Ltd","Water Management","10605.96","43.18","74.09","5.81","3.66","25.37","79.45","-","1789.23","39.49"
"Sapphire Foods India Ltd","Restaurants & Cafes","10605.39","200.86","17.42","7.92","4.04","23.45","23.63","-","-77.40","1.66"
"Reliance Infrastructure Ltd","Power Infrastructure","10574.58","-6.57","38.51","0.76","0.44","6.96","2.58","-","58.94","-42.98"
"Quess Corp Ltd","Employment Services","10544.25","37.95","13.39","3.56","0.55","15.64","19.92","1.41","23.59","18.73"
"Electrosteel Castings Ltd","Building Products - Pipes","10486.88","14.17","-16.97","2.05","1.38","9.59","13.02","0.83","129.74","12.20"
"Mrs. Bectors Food Specialities Ltd","FMCG - Foods","10469.61","74.59","55.86","15.79","6.37","40.43","68.25","-","55.84","23.87"
"Kirloskar Ferrous Industries Ltd","Iron & Steel","10451.29","35.10","5.52","3.23","1.70","14.31","18.57","-","-32.06","21.40"
"Jammu and Kashmir Bank Ltd","Private Banks","10364.33","5.85","-27.88","0.85","0.86","0.83","-","2.28","38.20","16.61"
"ELANTAS Beck India Ltd","Electrical Components & Equipments","10356.45","75.43","35.99","14.15","14.13","49.89","77.62","0.04","40.41","173.18"
"KPI Green Energy Ltd","Renewable Energy","10323.63","63.86","-17.78","12.35","10.01","32.58","-","0.03","39.62","14.12"
"Edelweiss Financial Services Ltd","Diversified Financials","10262.17","24.39","39.80","1.70","1.07","50.71","3.55","-","60.12","3.23"
"Happy Forgings Ltd","Auto Truck & Motorcycle Parts","10257.50","42.22","16.47","6.36","7.48","25.65","54.27","0.37","13.44","26.45"
"Galaxy Surfactants Ltd","Specialty Chemicals","10246.96","33.99","11.78","4.70","2.68","20.09","19.77","0.76","-20.87","85.03"
"Graphite India Ltd","Electrical Components & Equipments","10209.35","12.63","-23.72","1.82","2.43","6.89","15.01","2.11","305.37","41.36"
"Sammaan Capital Ltd","Home Financing","10140.16","8.35","-20.10","0.51","1.18","31.32","-","-","-12.61","19.69"
"Tanla Platforms Ltd","Software Services","10133.59","18.48","-18.83","5.22","2.55","12.27","17.18","1.59","23.07","40.79"
"Engineers India Ltd","Construction & Engineering","10089.22","22.66","-13.59","4.47","2.88","16.89","45.46","1.67","28.58","7.92"
"RBL Bank Ltd","Private Banks","10078.41","8.00","-36.92","0.68","0.65","-","2.03","0.90","36.38","20.92"
"INOX India Ltd","Sea-Borne Tankers","10020.29","51.12","-21.94","15.44","8.62","34.73","79.79","1.00","26.66","21.59"
"shipping corporation of India Ltd","Logistics","9972.76","14.69","-2.81","1.32","1.87","6.78","10.03","0.23","-10.70","14.58"
"Bajaj Electricals Ltd","Home Electronics & Appliances","9954.77","75.94","-8.59","6.91","2.11","28.90","28.14","0.35","-35.81","10.70"
"Home First Finance Company India Ltd","Home Financing","9944.83","32.53","30.07","4.69","8.60","39.90","-","-","33.25","34.64"
"Tips Music Ltd","Movies & TV Serials","9892.89","77.79","68.02","55.11","38.65","55.98","42.47","0.78","80.98","9.90"
"Puravankara Ltd","Real Estate","9850.01","233.08","15.68","5.21","4.36","23.09","10.99","1.52","-36.43","1.78"
"Senco Gold Ltd","Precious Metals Jewellery & Watches","9847.43","54.40","33.19","7.21","1.86","25.67","-","0.16","-6.75","27.11"
"Just Dial Ltd","Online Services","9835.76","27.10","6.18","2.44","7.29","10.14","37.96","-","121.15","42.86"
"Isgec Heavy Engineering Ltd","Heavy Machinery","9817.29","40.29","28.68","3.75","1.57","19.32","13.35","0.30","24.01","33.14"
"Brookfield India Real Estate Trust","Real Estate","9717.19","411.92","16.47","0.79","5.24","17.54","6.78","8.02","-84.44","0.61"
"Gujarat Pipavav Port Ltd","Ports","9658.16","28.24","-3.53","4.18","9.00","14.38","19.76","3.65","9.22","7.07"
"Vijaya Diagnostic Centre Ltd","Hospitals & Diagnostic Centres","9654.19","81.24","42.39","14.63","16.98","40.61","52.67","0.11","40.15","11.63"
"Saregama India Ltd","Movies & TV Serials","9635.65","48.77","17.86","6.54","11.12","28.96","103.33","0.80","505.57","9.91"
"ESAB India Ltd","Industrial Machinery","9618.64","59.02","24.61","31.43","7.70","40.71","68.20","1.38","20.12","105.88"
"Choice International Ltd","Investment Banking & Brokerage","9608.07","73.42","45.90","15.01","12.65","51.68","-","-","444.22","6.57"
"India Grid Trust","Power Transmission & Distribution","9591.90","33.61","6.25","1.78","3.21","10.73","3.60","2.90","-40.88","3.85"
"Route Mobile Ltd","IT Services & Consulting","9586.39","25.56","0.17","4.42","2.32","16.14","-","0.72","14.76","59.90"
"Sansera Engineering Ltd","Auto Parts","9571.28","51.52","51.32","7.02","3.40","21.51","25.57","-","25.33","34.87"
"Time Technoplast Ltd","Plastic Products","9566.19","30.81","58.18","3.66","1.91","14.62","23.55","-","41.49","13.70"
"LS Industries Ltd","Textiles","9515.26","-2874.70","374.60","155.71","16405.62","-","-","-","62.47","-0.04"
"CMS Info Systems Ltd","Software Services","9486.65","27.33","49.18","4.87","4.13","13.88","21.57","0.99","13.25","21.89"
"ITD Cementation India Ltd","Construction & Engineering","9444.02","34.50","53.24","6.30","1.21","11.67","13.41","0.31","120.31","15.93"
"Prism Johnson Ltd","Cement","9438.94","52.12","13.79","5.71","1.18","14.27","19.96","-","275.44","3.60"
"Eureka Forbes Ltd","Household Appliances","9435.98","98.66","10.55","2.23","4.29","48.49","48.52","-","259.95","4.94"
"P N Gadgil Jewellers Ltd","Precious Metals Jewellery & Watches","9424.94","61.06","-12.45","17.64","1.54","35.33","1491.29","-","32.45","17.82"
"Latent View Analytics Ltd","IT Services & Consulting","9416.16","59.36","-8.78","6.85","13.18","41.32","81.62","-","0.70","7.72"
"Cera Sanitaryware Ltd","Building Products - Ceramics","9409.60","39.37","-0.15","6.93","4.85","23.95","39.86","0.83","14.14","183.76"
"Gujarat Narmada Valley Fertilizers & Chemicals Ltd","Fertilizers & Agro Chemicals","9287.39","18.68","-8.87","1.12","1.11","7.31","296.91","2.61","-65.27","32.88"
"Rattanindia Enterprises Ltd","Power Trading & Consultancy","9239.52","21.68","-10.01","10.93","1.49","17.59","-","-","249.73","3.08"
"Max Estates Ltd","Real Estate","9228.94","-218.90","97.49","6.36","76.74","15569.81","34.09","-","-217.43","-5.73"
"IFB Industries Ltd","Auto Parts","9210.73","182.90","45.52","12.84","1.62","39.78","26.27","-","237.08","12.43"
"Valor Estate Ltd","Real Estate","9175.45","6.95","-23.07","1.78","5.34","7.15","38.76","-","1102.60","29.65"
"Power Mech Projects Ltd","Construction & Engineering","9169.83","36.96","10.28","4.98","2.17","17.47","44.82","0.03","14.35","80.77"
"Sheela Foam Ltd","Home Furnishing","9149.06","50.15","-8.32","3.07","2.93","24.15","22.54","-","30.14","17.69"
"Lemon Tree Hotels Ltd","Hotels Resorts & Cruise Lines","9146.94","61.60","-14.43","5.91","8.44","22.37","19.67","-","29.52","1.88"
"JK Lakshmi Cement Ltd","Cement","9067.66","19.22","-1.52","2.70","1.32","9.46","10.08","0.84","31.57","40.09"
"National Standard (India) Ltd","Real Estate","9066.60","615.10","-6.51","34.99","239.29","454.42","-","-","78.45","7.37"
"Diamond Power Infrastructure Ltd","Electrical Components & Equipments","9000.40","528.81","138.54","-9.25","26.15","215.64","328.00","-","221.39","3.23"
"Triveni Engineering and Industries Ltd","Sugar","8920.09","22.57","14.79","3.07","1.69","14.91","88.98","1.41","-76.79","18.05"
"Shakti Pumps (India) Ltd","Industrial Machinery","8902.10","62.81","152.26","11.78","6.48","38.47","163.70","-","462.25","73.78"
"Aurionpro Solutions Ltd","IT Services & Consulting","8871.48","62.93","19.70","9.38","9.90","42.97","54.22","0.07","39.02","29.67"
"Arvind Ltd","Apparel & Accessories","8870.05","26.35","3.72","2.45","1.14","11.19","12.74","1.40","-16.96","12.87"
"Shriram Pistons & Rings Ltd","Auto Parts","8851.81","20.00","-2.51","4.38","2.79","11.63","18.19","0.50","126.20","100.46"
"Shree Renuka Sugars Ltd","Sugar","8837.49","-14.09","-5.74","-6.15","0.78","20.18","9.68","-","-218.41","-2.95"
"Garware Hi-Tech Films Ltd","Commodity Chemicals","8829.12","43.43","118.29","4.32","5.14","26.29","51.30","0.26","22.36","87.51"
"Allied Blenders and Distillers Ltd","Alcoholic Beverages","8815.07","4816.98","-0.87","21.66","2.64","39.25","47.47","-","12.37","0.07"
"Campus Activewear Ltd","Apparel & Accessories","8803.47","98.43","21.92","13.51","6.06","41.59","33.29","-","-23.75","2.93"
"Kirloskar Pneumatic Company Ltd","Industrial Machinery","8800.58","66.03","70.58","9.52","6.56","39.73","47.98","0.48","22.44","20.60"
"HG Infra Engineering Ltd","Construction & Engineering","8790.28","16.32","29.21","3.58","1.62","9.20","-","0.11","9.20","82.64"
"Rashtriya Chemicals and Fertilizers Ltd","Fertilizers & Agro Chemicals","8768.53","38.92","10.53","1.90","0.51","16.17","-","-","-76.69","4.08"
"Birla Corporation Ltd","Cement","8752.81","20.81","-22.74","1.31","0.90","7.79","5.40","0.88","938.42","54.61"
"Jupiter Life Line Hospitals Ltd","Hospitals & Diagnostic Centres","8750.77","49.55","6.02","7.49","7.99","31.92","76.41","0.07","113.09","28.93"
"SBFC Finance Ltd","Specialized Finance","8736.59","36.85","-7.90","3.14","8.57","37.16","-","-","36.68","2.41"
"Lloyds Engineering Works Ltd","Industrial Machinery","8736.34","109.42","20.00","21.25","13.83","80.10","-","0.26","95.74","0.74"
"GMR Power and Urban Infra Ltd","Power Generation","8733.15","-84.76","93.77","-2.93","1.65","12.79","5.17","-","-108.71","-1.71"
"Mastek Ltd","IT Services & Consulting","8718.93","29.04","5.02","4.18","2.84","16.86","20.74","0.67","1.09","98.68"
"Azad Engineering Ltd","Renewable Energy Equipment & Services","8676.90","148.15","9.51","13.45","23.28","58.27","-","-","90.02","16.97"
"Rategain Travel Technologies Ltd","Software Services","8650.92","59.50","3.78","5.96","8.66","34.89","56.99","-","102.70","12.86"
"Keystone Realtors Ltd","Real Estate","8646.39","77.06","1.67","4.82","3.75","48.86","47.14","-","28.59","9.85"
"Kotak Nifty Bank ETF","Equity","8642.35","-","7.62","-","-","-","-","0.00","-","-"
"V-mart Retail Ltd","Retail - Department Stores","8583.67","-88.71","109.55","11.49","3.06","42.49","22.24","-","-1131.76","-48.93"
"Epigral Ltd","Commodity Chemicals","8565.15","43.73","52.59","6.54","4.42","19.41","21.54","0.24","-44.56","47.14"
"HMT Ltd","Industrial Machinery","8553.87","3.35","19.80","-1.99","2.95","4.60","83.10","-","2175.11","71.73"
"Procter & Gamble Health Ltd","Pharmaceuticals","8548.43","42.53","8.96","11.38","7.33","26.94","36.22","1.17","-3.62","133.24"
"HEG Ltd","Electrical Components & Equipments","8535.40","27.39","-11.23","1.93","3.26","13.91","13.94","1.02","-41.46","16.15"
"PNC Infratech Ltd","Construction & Engineering","8526.08","9.38","-23.98","1.64","0.98","7.03","-","-","38.12","35.45"
"F D C Ltd","Pharmaceuticals","8475.08","27.77","17.28","4.04","4.15","18.22","38.39","-","60.16","18.57"
"Religare Enterprises Ltd","Investment Banking & Brokerage","8447.30","36.27","15.49","3.15","1.29","17.51","5.61","-","-92.57","7.13"
"Blue Jet Healthcare Ltd","Pharmaceuticals","8388.79","51.23","28.36","9.92","11.33","32.50","34.77","-","2.32","9.44"
"CCL Products (India) Ltd","Tea & Coffee","8383.55","33.52","7.27","5.01","3.15","21.78","151.38","0.71","-11.94","18.80"
"SBI Nifty 50 ETF","Equity","8375.51","-","10.17","-","-","-","-","0.00","-","-"
"Balu Forge Industries Ltd","Construction & Engineering","8375.04","89.41","211.84","15.15","14.69","64.33","-","-","114.43","10.07"
"Thomas Cook (India) Ltd","Tour & Travel Services","8369.89","32.31","-13.69","4.12","1.13","13.06","10.10","0.34","3789.98","5.51"
"BHARAT Bond ETF-April 2023-Growth","Debt","8369.70","-","-","-","-","-","-","0.00","-","-"
"Force Motors Ltd","Four Wheelers","8362.05","21.55","-35.15","3.70","1.19","9.04","8.24","0.32","190.40","294.54"
"KNR Constructions Ltd","Construction & Engineering","8348.45","10.74","13.52","2.39","1.82","7.52","-","-","69.73","27.64"
"EPL Ltd","Packaging","8324.82","39.05","46.88","3.98","2.09","12.60","14.19","1.70","-6.32","6.70"
"Gallantt Ispat Ltd","Iron & Steel","8314.54","36.89","24.72","3.39","1.96","19.16","24.15","-","59.94","9.34"
"Sunteck Realty Ltd","Real Estate","8306.51","117.11","29.27","2.66","13.39","49.61","76.21","-","4859.85","4.94"
"Network18 Media & Investments Ltd","Movies & TV Serials","8284.50","-40.16","-10.13","1.80","0.82","124.93","-","-","-201.01","-2.45"
"Kama Holdings Ltd","Conglomerates","8263.48","9.46","-7.06","0.67","0.61","7.12","3.89","3.92","-30.12","272.27"
"Ganesh Housing Corp Ltd","Real Estate","8241.15","17.89","25.70","5.26","9.17","12.73","12.92","1.11","350.96","55.25"
"MedPlus Health Services Ltd","Online Services","8119.72","123.97","-1.33","5.15","1.43","22.80","56.49","-","31.48","5.48"
"Karnataka Bank Ltd","Private Banks","8104.15","6.20","-4.53","0.75","0.84","0.07","22.37","2.56","0.14","37.89"
"Gujarat State Fertilizers & Chemicals Ltd","Fertilizers & Agro Chemicals","8100.25","14.36","-14.70","0.64","0.85","6.46","-","-","-55.44","14.15"
"Star Cement Ltd","Cement","8092.10","27.42","-11.51","2.99","2.76","13.97","16.52","-","19.19","7.30"
"ASK Automotive Ltd","Auto Parts","8027.65","46.20","28.03","9.83","2.66","25.53","26.47","0.25","42.67","8.81"
"Varroc Engineering Ltd","Auto Parts","7994.55","15.20","2.24","5.24","1.05","11.14","12.52","-","164.16","34.43"
"Pilani Investment And Industries Corporation Ltd","Asset Management","7992.12","48.01","91.39","0.55","27.91","44.06","-","-","-32.31","150.34"
"Equitas Small Finance Bank Ltd","Private Banks","7983.64","9.99","-30.28","1.34","1.27","3.68","-","1.42","46.56","7.12"
"Bharat Global Developers Ltd","-","7983.31","2390.21","357.44","79.01","309.67","1706.54","-","-","-","0.68"
"Black Box Ltd","Software Services","7977.68","57.95","88.17","16.59","1.26","20.55","59.40","-","7282.78","8.20"
"Ion Exchange (India) Ltd","Environmental Services","7947.45","40.55","16.49","7.79","3.32","23.42","61.16","0.27","-0.38","13.77"
"Shilpa Medicare Ltd","Pharmaceuticals","7944.04","249.26","51.84","4.41","6.81","34.81","58.70","-","197.97","3.67"
"Mahindra Lifespace Developers Ltd","Real Estate","7923.55","80.65","-22.43","4.23","17.28","114.13","-","0.52","-3.28","6.35"
"Avanti Feeds Ltd","Packaged Foods & Meats","7904.97","22.13","10.59","2.94","1.44","11.41","30.06","1.08","28.15","26.21"
"Garware Technical Fibres Ltd","Textiles","7879.92","37.85","19.52","6.39","5.76","24.43","36.01","0.08","21.62","102.16"
"Indigo Paints Ltd","Paints","7844.01","53.24","23.99","8.69","5.94","30.38","51.94","0.21","11.63","30.95"
"TVS Supply Chain Solutions Ltd","Logistics","7810.93","-77.18","0.36","4.23","0.84","13.53","61.22","-","-329.35","-2.51"
"JK Paper Ltd","Paper Products","7791.66","6.95","30.21","1.48","1.08","4.91","5.66","1.85","-6.19","66.22"
"Texmaco Rail & Engineering Ltd","Rail","7774.83","68.68","13.72","3.07","2.18","23.13","81.17","-","288.28","3.14"
"Maharashtra Seamless Ltd","Building Products - Pipes","7773.30","8.17","-34.04","1.36","1.40","4.93","7.46","1.72","24.39","70.99"
"Transport Corporation of India Ltd","Logistics","7770.25","22.15","17.21","3.81","1.87","14.29","25.96","0.70","10.25","45.17"
"Shoppers Stop Ltd","Retail - Department Stores","7752.45","100.36","-0.54","25.72","1.77","13.73","13.81","-","-33.55","7.04"
"Juniper Hotels Ltd","Hotels Resorts & Cruise Lines","7716.38","324.35","-25.92","2.91","9.34","26.74","23.59","-","1336.47","1.30"
"Anupam Rasayan India Ltd","Specialty Chemicals","7692.82","59.82","-16.90","2.62","5.11","20.88","130.32","-","-32.01","11.84"
"Arvind Fashions Ltd","Textiles","7664.21","95.04","23.91","6.43","1.77","15.22","17.65","0.22","119.37","6.07"
"Dodla Dairy Ltd","FMCG - Foods","7661.63","45.95","27.28","6.73","2.43","23.43","-","-","36.34","28.03"
"Archean Chemical Industries Ltd","Commodity Chemicals","7650.05","23.98","-9.49","4.50","5.57","14.53","20.17","0.48","-25.78","25.89"
"Infibeam Avenues Ltd","IT Services & Consulting","7636.29","48.29","-17.79","2.21","2.39","25.10","10.61","0.18","11.09","0.55"
"Protean eGov Technologies Ltd","IT Consulting & Other Services","7564.63","77.75","51.35","8.17","7.97","47.26","131.47","-","-9.19","24.06"
"Equinox India Developments Ltd","Real Estate","7528.08","-7.25","-17.47","2.72","16.06","-","-","-","-56.83","-19.20"
"Electronics Mart India Ltd","Home Electronics & Appliances","7512.60","40.84","-4.28","5.49","1.19","19.58","47.00","-","33.31","4.78"
"RattanIndia Power Ltd","Power Generation","7448.34","0.84","57.61","1.57","0.51","0.88","5.70","-","575.80","16.57"
"eMudhra Ltd","IT Services & Consulting","7421.59","98.88","16.95","11.21","19.53","61.69","102.34","0.14","13.37","9.63"
"Mahindra Holidays and Resorts India Ltd","Hotels Resorts & Cruise Lines","7395.11","64.01","-12.32","13.86","2.62","14.45","11.84","-","-0.05","5.74"
"Spicejet Ltd","Airlines","7394.04","-17.49","-8.09","-1.42","0.87","15.77","-","-","75.71","-6.10"
"Ujjivan Small Finance Bank Ltd","Private Banks","7364.50","5.75","-28.57","1.31","1.14","2.68","4.65","1.06","73.49","10.36"
"India Shelter Finance Corporation Ltd","Home Financing","7345.28","29.67","16.85","3.20","8.53","31.55","-","-","-7.57","32.84"
"PC Jeweller Ltd","Precious Metals Jewellery & Watches","7344.90","-11.67","191.44","2.51","10.96","-","115.02","-","-209.72","-13.52"
"Paradeep Phosphates Ltd","Fertilizers & Agro Chemicals","7336.89","73.43","28.21","2.06","0.63","15.65","5.11","-","-71.98","1.23"
"Indo Count Industries Ltd","Textiles","7331.97","21.70","-3.06","3.51","2.04","13.36","50.29","0.59","21.89","17.06"
"Sundaram Finance Holdings Ltd","Diversified Financials","7312.62","13.72","34.61","1.53","24.61","28.87","55.30","2.34","124.43","24.00"
"Ujaas Energy Ltd","Renewable Energy","7278.33","251.32","2497.41","81.65","137.64","442.32","58.23","-","310.08","1.52"
"Responsive Industries Ltd","Building Products - Granite","7264.03","45.05","-5.36","6.39","6.57","28.50","32.27","0.04","556.34","6.05"
"Insolation Energy Ltd","Semiconductors","7226.00","130.27","103.87","66.70","9.75","85.34","118.48","-","346.26","26.63"
"V I P Industries Ltd","Apparel & Accessories","7215.70","132.89","-5.86","10.64","3.16","34.19","-","0.39","-64.42","3.83"
"Laxmi Organic Industries Ltd","Specialty Chemicals","7168.54","59.47","3.85","3.99","2.48","23.96","12.77","0.23","-5.40","4.46"
"Rajesh Exports Ltd","Precious Metals Jewellery & Watches","7165.96","21.36","-17.91","0.47","0.03","9.73","22.67","-","-76.57","11.36"
"Dilip Buildcon Ltd","Construction & Engineering","7145.53","36.83","7.64","1.63","0.57","7.25","6.68","0.20","20762.37","13.27"
"Ahluwalia Contracts (India) Ltd","Construction & Engineering","7125.47","19.01","-6.16","4.45","1.74","10.41","27.68","-","93.24","55.96"
"Welspun Enterprises Ltd","Construction & Engineering","7123.97","24.14","49.42","2.86","2.33","12.08","-","-","-57.28","20.60"
"Chemplast Sanmar Ltd","Building Products - Pipes","7099.91","-44.81","-8.09","4.17","1.77","73.81","-","-","-203.99","-10.02"
"PDS Limited","Textiles","7083.92","49.12","6.14","5.69","0.68","16.56","37.38","0.59","62.11","10.99"
"Moil Ltd","Mining - Manganese","7063.99","24.08","-8.39","2.88","4.58","11.58","27.88","1.74","17.06","14.42"
"Astra Microwave Products Ltd","Communication & Networking","7035.43","58.12","4.69","7.28","7.54","33.11","-","0.27","65.38","13.34"
"Tarc Ltd","Real Estate","7027.72","-91.22","49.83","5.51","57.88","146.80","44.42","-","-478.76","-2.61"
"Ethos Ltd","Precious Metals Jewellery & Watches","6991.74","83.93","20.15","7.91","6.83","37.31","226.93","-","22.54","34.83"
"Syrma SGS Technology Ltd","Electronic Equipments","6982.65","65.06","-15.88","4.16","2.17","29.15","-","0.38","-20.16","6.06"
"Orient Cement Ltd","Cement","6907.15","39.50","65.07","3.96","2.02","15.06","16.22","0.67","42.39","8.54"
"Hindustan Foods Ltd","FMCG - Foods","6887.00","74.05","20.27","10.65","2.49","33.03","79.43","-","29.73","8.18"
"Sandur Manganese and Iron Ores Ltd","Mining - Manganese","6867.85","28.68","-18.17","3.18","5.15","16.13","44.86","2.36","-11.57","14.78"
"Surya Roshni Ltd","Iron & Steel","6857.06","20.83","12.66","3.17","0.88","11.64","12.71","0.79","-2.62","30.25"
"Tamilnad Mercantile Bank Ltd","Private Banks","6799.61","6.34","-13.11","0.86","1.24","2.20","-","-","-1.05","67.70"
"Sun Pharma Advanced Research Co Ltd","Pharmaceuticals","6750.70","-17.43","-30.69","53.68","64.28","-","-","-","-73.96","-11.93"
"National Highways Infra Trust","Roads","6746.84","22.93","3.56","0.47","6.92","23.62","8.39","-","76.49","6.86"
"Balaji Amines Ltd","Specialty Chemicals","6731.79","32.86","-6.75","3.56","4.03","18.63","30.02","0.53","-37.07","63.23"
"Kennametal India Ltd","Industrial Machinery","6717.21","60.79","23.01","9.16","5.98","33.80","58.77","0.98","26.00","50.28"
"Man Infraconstruction Ltd","Construction & Engineering","6698.27","22.30","-13.18","4.42","4.86","14.06","11.70","0.90","16.18","8.09"
"Sudarshan Chemical Industries Ltd","Diversified Chemicals","6696.70","18.73","34.91","5.83","2.33","10.93","34.62","0.48","698.77","51.63"
"Privi Speciality Chemicals Ltd","Specialty Chemicals","6696.52","70.56","47.37","7.12","3.77","21.57","18.89","0.12","327.52","24.30"
"Technocraft Industries (India) Ltd","Industrial Machinery","6689.72","25.32","28.85","3.90","2.95","15.00","21.75","-","2.15","115.07"
"Suprajit Engineering Ltd","Auto Parts","6674.59","39.90","15.82","4.90","2.26","17.63","26.78","-","9.94","12.08"
"BHARAT Bond ETF-April 2030-Growth","Debt","6636.67","-","5.33","-","-","-","-","0.00","-","-"
"Johnson Controls-Hitachi Air Conditioning India Ltd","Home Electronics & Appliances","6625.06","-87.51","106.54","11.36","3.43","-","26.04","-","7.83","-27.84"
"Nazara Technologies Ltd","Theme Parks & Gaming","6611.67","116.88","33.70","2.83","5.43","33.87","72.82","-","32.24","7.93"
"ICRA Ltd","Stock Exchanges & Ratings","6606.76","43.73","31.57","6.73","12.68","27.02","61.74","1.46","11.73","156.55"
"Rallis India Ltd","Fertilizers & Agro Chemicals","6566.24","44.41","24.64","3.59","2.46","19.53","24.40","0.74","60.82","7.60"
"Go Fashion (India) Ltd","Apparel & Accessories","6532.39","78.89","7.43","10.82","8.37","25.87","29.87","-","0.01","15.33"
"Ashoka Buildcon Ltd","Construction & Engineering","6522.60","12.97","32.70","2.62","0.65","4.40","8.71","-","72.04","17.92"
"Dhanuka Agritech Ltd","Fertilizers & Agro Chemicals","6510.44","27.23","5.02","5.18","3.63","17.83","48.42","0.98","3.51","52.45"
"Share India Securities Ltd","Investment Banking & Brokerage","6507.31","15.30","-12.38","3.70","4.37","8.58","-","0.53","18.20","24.02"
"BHARAT Bond ETF-April 2032","Debt","6496.91","-","6.12","-","-","-","-","-","-","-"
"Orchid Pharma Ltd","Pharmaceuticals","6493.06","70.45","21.22","5.55","7.64","44.83","51.54","-","77.44","20.14"
"Skipper Ltd","Power Infrastructure","6475.92","79.29","58.01","7.21","1.96","20.63","32.52","0.02","132.37","7.86"
"Hindustan Construction Company Ltd","Construction & Engineering","6447.38","13.48","1.80","-38.27","0.80","4.96","71.10","-","1852.58","3.10"
"Greenlam Industries Ltd","Building Products - Laminates","6436.74","46.51","-13.80","5.98","2.76","23.28","33.24","0.33","4.63","10.87"
"Nesco Ltd","Real Estate","6397.41","17.63","9.78","2.79","8.17","11.37","17.04","0.66","24.82","51.49"
"Piccadily Agro Industries Ltd","Sugar","6395.73","58.28","29.65","18.83","7.90","36.32","125.33","-","393.16","11.59"
"Mishra Dhatu Nigam Ltd","Metals - Diversified","6377.05","69.48","-21.97","4.83","5.78","30.13","29.57","0.41","-41.26","4.90"
"Bansal Wire Industries Ltd","Iron & Steel","6367.91","82.52","16.10","13.81","2.57","46.46","-","-","-14.17","8.07"
"India Infrastructure Trust","Construction & Engineering","6347.84","7.72","-2.17","0.97","1.65","6.68","3.05","-","50.53","12.38"
"Kesoram Industries Ltd","Tires & Rubber","6331.01","-16.48","18.79","46.70","1.42","23.85","30.79","-","-76.50","-12.36"
"Ami Organics Ltd","Pharmaceuticals","6312.91","147.67","27.73","9.25","8.71","62.42","50.43","0.18","-48.99","11.66"
"Inox Green Energy Services Ltd","Heavy Electrical Equipments","6298.38","225.67","16.70","4.67","24.11","58.93","-","-","141.14","0.95"
"Niit Learning Systems Ltd","Education Services","6271.52","29.41","-9.55","6.42","3.95","14.74","22.50","-","2.80","15.80"
"Indinfravit Trust","Roads","6266.15","-39.88","-1.74","1.02","1.81","6.29","4.23","20.54","70.73","-1.89"
"Ceigall India Ltd","Construction & Engineering","6252.21","20.42","-7.20","6.90","2.04","12.57","-","-","83.03","19.48"
"KRBL Ltd","Packaged Foods & Meats","6244.12","10.48","-8.41","1.29","1.14","7.39","27.57","1.47","-13.81","25.67"
"GMM Pfaudler Ltd","Industrial Machinery","6227.47","34.81","-2.77","6.39","1.80","13.68","21.94","0.14","8.08","39.80"
"Gabriel India Ltd","Auto Parts","6219.06","34.79","23.07","6.21","1.82","19.60","35.22","0.92","-","12.44"
"South Indian Bank Ltd","Private Banks","6205.81","5.80","-17.64","0.70","0.61","-","0.88","1.26","28.50","4.37"
"TD Power Systems Ltd","Heavy Electrical Equipments","6202.30","52.41","16.76","8.80","6.10","32.00","73.84","0.28","265.53","7.58"
"Thangamayil Jewellery Ltd","Precious Metals Jewellery & Watches","6149.80","49.90","68.08","12.47","1.60","30.31","18.61","0.45","131.83","44.91"
"Gokaldas Exports Ltd","Apparel & Accessories","6114.67","46.69","6.07","4.74","2.54","23.36","-","-","-26.98","21.13"
"Entero Healthcare Solutions Ltd","Pharmaceuticals","6089.13","155.69","16.27","3.71","1.55","43.86","-","-","156.58","16.43"
"Sharda Motor Industries Ltd","Auto Parts","6023.79","20.11","40.33","5.99","2.08","12.00","16.30","-","43.79","100.76"
"Gujarat Alkalies And Chemicals Ltd","Commodity Chemicals","6022.56","-25.43","2.31","0.99","1.55","52.55","90.40","1.69","-157.82","-32.25"
"Healthcare Global Enterprises Ltd","Hospitals & Diagnostic Centres","5976.21","124.17","18.21","6.91","3.09","19.92","21.00","-","63.88","3.46"
"E2E Networks Ltd","Software Services","5961.25","272.70","222.05","84.13","62.04","122.98","139.09","-","120.59","15.10"
"Rolex Rings Ltd","Industrial Machinery","5911.54","37.88","15.31","6.58","4.78","23.64","26.70","-","-21.22","57.30"
"AGI Greenpac Ltd","Packaging","5904.93","23.49","12.13","3.25","2.42","10.42","10.04","0.66","-3.94","38.85"
"Gujarat Ambuja Exports Ltd","Agro Products","5897.13","17.05","-24.88","2.13","1.16","9.22","27.67","0.27","4.77","7.54"
"VST Industries Ltd","FMCG - Tobacco","5881.47","19.50","-3.66","4.70","3.92","12.94","35.21","3.94","-7.78","17.75"
"Lloyds Enterprises Ltd","Trading Companies & Distributors","5879.77","50.01","32.51","2.87","5.38","27.59","-","0.22","141.07","0.92"
"Jai Corp Ltd","Textiles","5878.54","111.93","4.18","3.90","11.76","67.36","143.45","0.15","486.18","2.94"
"R Systems International Ltd","IT Services & Consulting","5874.36","41.93","5.69","6.89","3.46","22.76","27.79","1.37","0.31","11.84"
"Gulf Oil Lubricants India Ltd","Commodity Chemicals","5863.10","19.04","19.58","4.29","1.74","11.34","17.17","3.02","34.26","62.73"
"Kovai Medical Center and Hospital Ltd","Hospitals & Diagnostic Centres","5853.40","32.57","29.89","6.59","4.72","16.25","17.01","0.19","55.23","164.25"
"Gopal Snacks Ltd","FMCG - Foods","5815.91","58.42","48.17","14.90","4.13","33.91","85.14","0.05","-11.41","7.99"
"Le Travenues Technology Ltd","Online Services","5812.51","76.69","-9.47","13.03","8.37","74.49","134.49","-","249.04","2.04"
"Sterlite Technologies Ltd","Telecom Equipments","5804.70","-113.82","-8.56","2.87","1.05","13.70","7.34","-","-136.11","-1.28"
"Manorama Industries Ltd","Packaged Foods & Meats","5788.26","144.35","61.18","17.18","12.31","69.77","-","0.04","304.10","6.73"
"Refex Industries Ltd","Commodity Chemicals","5753.07","61.29","177.66","12.38","4.11","36.13","2018.62","0.10","-20.96","8.30"
"Jindal Worldwide Ltd","Textiles","5750.93","76.02","-13.61","8.00","3.17","34.14","1185.76","0.07","-34.62","3.77"
"Lux Industries Ltd","Apparel & Accessories","5743.09","44.34","43.38","3.70","2.45","26.50","23.97","-","-8.81","39.78"
"Unichem Laboratories Ltd","Pharmaceuticals","5707.79","-81.00","40.75","2.42","3.16","78.13","341.99","-","65.15","-10.01"
"Allcargo Logistics Ltd","Logistics","5705.05","38.11","-21.77","2.18","0.43","10.07","-","-","-72.86","1.31"
"Prince Pipes and Fittings Ltd","Building Products - Pipes","5685.60","31.15","-17.30","3.68","2.18","16.69","172.81","0.19","50.30","16.51"
"Borosil Renewables Ltd","Housewares","5649.68","-120.44","-18.82","6.33","3.97","56.19","82.18","-","-167.37","-3.59"
"SIS Ltd","Business Support Services","5645.24","29.71","-17.20","2.34","0.46","11.18","14.31","-","-44.59","13.11"
"DB Corp Ltd","Publishing","5640.06","13.25","9.99","2.54","2.27","7.52","9.75","1.58","150.94","23.90"
"Bondada Engineering Ltd","Construction & Engineering","5606.27","125.36","122.24","33.39","6.98","78.69","103.76","0.01","315.86","1.77"
"Pricol Ltd","Auto Parts","5535.25","39.37","3.97","6.55","2.42","19.14","21.73","-","12.76","11.54"
"Heritage Foods Ltd","FMCG - Foods","5519.51","51.81","81.81","6.83","1.45","25.29","14.16","0.42","82.50","11.48"
"Aditya Vision Ltd","Retail - Speciality","5516.43","71.57","28.83","11.33","3.15","32.98","-","0.33","16.37","6.20"
"Anup Engineering Ltd","Textiles","5489.28","53.05","50.19","10.39","9.81","39.20","32.41","0.36","100.48","52.13"
"Tilaknagar Industries Ltd","Alcoholic Beverages","5488.64","39.77","22.85","8.39","3.90","28.31","45.45","-","-16.23","7.30"
"Optiemus Infracom Ltd","Technology Hardware","5483.27","96.60","129.85","12.86","3.54","55.19","135.93","-","35.56","6.61"
"J Kumar Infraprojects Ltd","Construction & Engineering","5459.27","16.51","13.94","2.06","1.11","7.57","16.12","0.55","20.54","43.71"
"Rain Industries Ltd","Commodity Chemicals","5446.11","-5.81","-7.71","0.70","0.30","11.28","1.78","0.62","-165.19","-27.89"
"Shilchar Technologies Ltd","Electronic Equipments","5422.65","59.02","10.28","25.87","13.24","42.35","70.90","0.18","113.08","120.47"
"GHCL Ltd","Commodity Chemicals","5398.18","6.80","8.25","1.81","1.45","4.20","6.77","2.13","-28.40","80.38"
"Ganesha Ecosphere Ltd","Textiles","5391.19","132.82","98.21","5.12","4.74","36.78","123.99","0.14","-45.91","17.21"
"Aarti Pharmalabs Ltd","Labs & Life Sciences Services","5351.01","24.67","13.61","3.05","2.88","14.18","24.73","0.51","-43.80","23.93"
"MAS Financial Services Ltd","Diversified Financials","5337.45","21.26","-0.88","2.93","4.15","34.66","-","1.08","23.51","15.31"
"Easy Trip Planners Ltd","Tour & Travel Services","5335.61","51.75","-36.14","8.54","8.76","33.84","42.99","-","14.13","0.59"
"National Fertilizers Ltd","Fertilizers & Agro Chemicals","5317.38","35.44","5.90","2.08","0.22","11.53","7.96","-","-67.26","3.06"
"Yatharth Hospital & Trauma Care Services Ltd","Hospitals & Diagnostic Centres","5311.55","46.40","38.15","6.08","7.74","26.10","-","-","50.67","15.12"
"Sharda Cropchem Ltd","Fertilizers & Agro Chemicals","5283.31","165.72","57.44","2.36","1.64","13.92","15.48","0.51","-90.68","3.53"
"Bharat Bijlee Ltd","Heavy Electrical Equipments","5255.61","39.98","36.87","2.82","2.75","24.45","21.80","0.75","57.94","116.29"
"Borosil Ltd","Housewares","5253.89","79.76","24.23","9.06","5.47","35.57","109.39","-","39.51","5.17"
"Network People Services Technologies Ltd","Software Services","5253.80","196.77","103.25","90.04","40.35","118.77","122.55","-","309.51","13.77"
"Neogen Chemicals Ltd","Specialty Chemicals","5251.67","147.31","42.98","6.91","7.52","47.99","-","-","-30.66","13.89"
"Zaggle Prepaid Ocean Services Ltd","Software Services","5216.92","118.51","50.38","9.07","6.63","61.32","-","-","65.13","4.10"
"Hemisphere Properties India Ltd","Real Estate","5170.76","-526.55","-14.94","14.52","648.78","-","-","-","-51.78","-0.34"
"Nippon India ETF Gold BeES","Gold","5168.88","-","9.81","-","-","-","-","0.00","-","-"
"Websol Energy System Ltd","Renewable Energy Equipment & Services","5138.20","-42.48","73.11","47.70","191.58","-","147.06","-","-375.51","-29.87"
"CSB Bank Ltd","Private Banks","5125.96","9.04","-24.87","1.35","1.46","2.41","2.87","-","3.56","32.64"
"India Tourism Development Corp Ltd","Tour & Travel Services","5106.71","72.60","-10.85","13.50","9.31","38.65","120.64","0.42","27.64","8.20"
"PTC India Ltd","Power Trading & Consultancy","5104.96","10.70","-25.52","0.85","0.30","7.06","2.08","-","7.02","16.11"
"Cyient DLM Ltd","Industrial Machinery","5077.97","82.97","-6.73","5.59","4.16","34.09","-","-","54.34","9.26"
"Heidelbergcement India Ltd","Cement","5072.96","30.24","14.48","3.45","2.10","12.54","14.51","-","69.15","7.40"
"Grauer And Weil (India) Ltd","Specialty Chemicals","5053.27","34.54","11.73","6.28","4.27","20.75","31.77","-","72.67","4.30"
"Advanced Enzyme Technologies Ltd","Specialty Chemicals","4993.23","37.46","15.67","3.64","7.56","19.99","35.32","1.14","26.18","11.92"
"Magellanic Cloud Ltd","IT Services & Consulting","4973.20","48.37","-10.73","12.22","8.61","26.01","155.61","0.04","29.52","1.76"
"Awfis Space Solutions Ltd","Business Support Services","4965.73","-282.63","67.69","19.75","5.68","20.98","21.74","-","54.09","-7.10"
"Kirloskar Industries Ltd","Investment Banking & Brokerage","4951.96","24.71","9.69","0.73","0.77","9.80","8.61","-","-8.57","202.31"
"Sundaram Clayton Ltd","Auto Parts","4931.29","-41.05","42.11","8.22","3.40","99.97","108.38","0.21","-11.40","-59.38"
"Dynamatic Technologies Ltd","Auto Parts","4931.10","40.48","-12.44","7.38","3.18","20.46","50.66","0.14","175.24","179.36"
"Orissa Minerals Development Company Ltd","Mining - Diversified","4888.29","1727.31","21.76","-381.90","54.69","165.37","-","-","117.04","4.70"
"TeamLease Services Ltd","Employment Services","4856.95","43.31","-11.71","5.99","0.52","25.23","41.22","-","1.70","66.23"
"Wonderla Holidays Ltd","Theme Parks & Gaming","4843.24","30.66","-14.75","4.42","9.57","18.39","27.26","0.29","6.07","27.92"
"Jana Small Finance Bank Ltd","Private Banks","4832.59","7.22","-5.00","1.35","1.03","4.82","6.84","-","74.41","83.92"
"MTAR Technologies Ltd","Industrial Machinery","4826.18","86.01","-16.02","7.14","8.23","41.91","84.09","-","-45.74","18.24"
"Thyrocare Technologies Ltd","Hospitals & Diagnostic Centres","4810.72","67.99","40.99","9.12","8.27","31.49","28.70","-","9.67","13.37"
"Restaurant Brands Asia Ltd","Restaurants & Cafes","4805.64","-22.05","-4.50","7.64","1.96","23.48","13.88","-","1.85","-4.40"
"MSTC Ltd","Commodities Trading","4749.18","23.24","-22.32","5.34","4.94","10.27","-","2.30","-15.54","29.03"
"Cartrade Tech Ltd","Online Services","4739.94","331.46","43.29","2.20","8.54","51.92","298.67","-","-58.06","3.05"
"VRL Logistics Ltd","Logistics","4727.67","53.21","-2.64","5.00","1.62","13.82","11.15","-","-72.37","10.11"
"Banco Products (India) Ltd","Auto Parts","4717.73","17.38","5.48","4.49","1.68","11.04","10.30","3.03","15.21","37.95"
"Vaibhav Global Ltd","Apparel & Accessories","4699.14","36.74","-25.25","3.73","1.53","16.32","16.97","2.11","21.23","7.74"
"Bannari Amman Sugars Ltd","Sugar","4675.80","30.70","46.05","2.77","2.10","16.46","17.05","0.34","6.21","121.45"
"Greenpanel Industries Ltd","Wood Products","4663.52","32.68","19.12","3.54","2.93","17.60","34.56","0.39","-44.37","11.64"
"Orient Electric Ltd","Home Electronics & Appliances","4657.14","61.87","0.17","7.29","1.54","26.13","39.38","0.69","-1.04","3.53"
"Bombay Dyeing and Mfg Co Ltd","Textiles","4651.99","1.58","30.05","2.52","0.69","1.02","13.11","0.53","670.67","142.77"
"Nocil Ltd","Commodity Chemicals","4639.92","34.89","0.04","2.73","3.13","18.25","23.09","1.08","-10.85","7.98"
"Shanthi Gears Ltd","Auto Parts","4602.95","55.96","7.71","13.33","8.26","37.04","126.98","0.83","22.67","10.72"
"Greenply Industries Ltd","Wood Products","4602.77","65.80","41.53","6.49","2.09","25.97","41.50","-","-23.82","5.67"
"Bharat Rasayan Ltd","Fertilizers & Agro Chemicals","4599.94","48.16","12.99","4.66","4.26","29.77","111.98","0.01","-23.35","229.85"
"Utkarsh Small Finance Bank Ltd","Diversified Financials","4563.37","9.17","-28.38","1.53","1.28","2.12","4.60","1.20","10.45","4.99"
"Pitti Engineering Ltd","Industrial Machinery","4535.60","50.28","56.61","10.90","3.58","22.32","61.64","0.11","53.31","28.14"
"Hawkins Cookers Ltd","Housewares","4509.18","41.05","34.96","13.52","4.36","27.07","25.88","1.41","15.89","207.72"
"Tinplate Company of India Ltd","Iron & Steel","4505.94","31.55","-","3.57","1.12","13.85","20.93","0.70","-59.53","13.63"
"Jamna Auto Industries Ltd","Auto Parts","4472.31","21.77","-13.77","4.95","1.84","13.71","49.70","1.96","21.94","5.15"
"Aarti Drugs Ltd","Pharmaceuticals","4454.89","25.99","-2.35","3.48","1.76","15.42","12.41","0.21","3.46","18.58"
"Nippon India ETF Nifty 50 BeES","Equity","4449.40","-","10.20","-","-","-","-","0.00","-","-"
"V2 Retail Ltd","Retail - Apparel","4448.71","159.85","143.17","16.19","3.80","31.69","47.62","-","316.45","8.07"
"Gufic Biosciences Ltd","Pharmaceuticals","4429.26","51.42","37.75","8.32","5.48","32.07","-","-","-","8.59"
"Solara Active Pharma Sciences Ltd","Pharmaceuticals","4422.45","-7.79","58.02","4.72","3.42","-","40.62","-","-2458.12","-145.27"
"Bajaj Hindusthan Sugar Ltd","Sugar","4417.33","-51.12","4.62","0.98","0.72","28.36","6.86","-","35.86","-0.68"
"SeQuent Scientific Ltd","Pharmaceuticals","4412.11","-123.00","44.69","6.19","3.16","88.81","144.19","-","70.46","-1.44"
"Morepen Laboratories Ltd","Pharmaceuticals","4397.33","45.72","54.92","5.19","2.58","25.34","59.93","-","140.52","1.88"
"Hikal Ltd","Pharmaceuticals","4383.34","62.98","12.61","3.69","2.45","19.22","23.48","0.34","-11.20","5.64"
"Kaveri Seed Company Ltd","Seeds","4380.09","14.66","13.32","3.54","3.62","11.14","11.25","-","16.99","55.65"
"EMS Ltd","Construction & Engineering","4374.16","28.71","80.07","5.46","5.41","19.71","-","-","29.73","29.72"
"Fineotex Chemical Ltd","Specialty Chemicals","4371.23","36.48","0.58","9.64","7.47","26.10","44.89","0.41","35.64","10.82"
"Harsha Engineers International Ltd","Industrial Machinery","4360.10","39.13","13.46","3.71","3.07","21.01","32.11","0.21","-16.46","12.24"
"Jubilant Industries Ltd","Diversified Chemicals","4352.74","154.74","45.70","18.58","3.47","59.00","57.37","-","-54.78","18.67"
"Uflex Ltd","Packaging","4329.44","-6.27","35.71","0.60","0.32","15.89","5.25","0.17","-243.76","-95.59"
"SG Mart Ltd","Renewable Electricity","4328.12","71.02","-18.79","3.98","1.59","36.21","-","-","-","5.47"
"Rossari Biotech Ltd","Specialty Chemicals","4313.91","33.01","3.06","4.12","2.35","16.96","99.72","0.06","21.66","23.68"
"Supriya Lifescience Ltd","Pharmaceuticals","4309.85","36.18","35.81","5.29","7.42","22.72","38.04","-","32.56","14.80"
"Eraaya Lifespaces Ltd","-","4308.63","12672.43","348.62","322.99","14.48","9352.32","-","-","-32.93","0.41"
"JTEKT India Ltd","Auto Parts","4307.00","40.29","-6.50","5.24","1.90","18.57","24.97","0.35","20.31","4.29"
"Medi Assist Healthcare Services Ltd","Insurance","4293.81","64.13","26.18","8.92","6.58","31.88","64.69","0.41","-10.48","9.63"
"Avantel Ltd","Communication & Networking","4278.14","81.41","34.60","26.07","18.95","51.46","65.64","0.11","95.77","2.16"
"Shaily Engineering Plastics Ltd","Industrial Machinery","4249.40","74.17","49.80","9.25","6.53","35.60","46.06","0.11","389.10","12.49"
"Styrenix Performance Materials Ltd","Commodity Chemicals","4246.23","24.52","57.01","5.88","1.90","15.25","19.63","4.06","-5.38","98.47"
"Greaves Cotton Ltd","Industrial Machinery","4238.84","-31.34","36.07","2.53","1.48","-","-","1.09","-273.18","-5.84"
"RPG Life Sciences Limited","Pharmaceuticals","4219.27","48.13","65.63","11.26","7.16","30.02","44.71","0.63","29.60","53.00"
"Prime Focus Ltd","Animation","4203.20","-10.39","37.81","5.41","1.01","19.23","-","-","-374.51","-13.50"
"D P Abhushan Ltd","Precious Metals Jewellery & Watches","4194.10","67.80","80.01","17.57","1.79","42.07","-","-","36.50","27.80"
"Rajoo Engineers Ltd","Industrial Machinery","4185.39","199.11","179.35","33.04","20.79","135.67","2168.59","-","144.17","2.28"
"Gateway Distriparks Ltd","Logistics","4183.02","16.33","-19.23","2.15","2.68","11.58","13.02","2.39","6.81","5.13"
"Jayaswal Neco Industries Ltd","Iron & Steel","4179.18","19.90","-14.18","1.85","0.70","7.06","6.14","-","-7.44","2.16"
"Pearl Global Industries Ltd","Apparel & Accessories","4172.98","23.87","51.22","5.10","1.20","12.38","11.85","-","55.90","53.70"
"Samhi Hotels Ltd","Hotels Resorts & Cruise Lines","4167.58","-17.76","-2.58","4.01","4.24","28.62","15.17","-","63.33","-15.37"
"S H Kelkar and Company Ltd","Specialty Chemicals","4167.16","34.04","34.58","3.43","2.13","15.09","38.78","0.25","100.13","8.84"
"Ramky Infrastructure Ltd","Construction & Engineering","4153.60","13.50","0.76","2.23","1.79","7.44","11.22","-","-73.01","44.48"
"LG Balakrishnan & Bros Ltd","Industrial Machinery","4145.06","15.28","-1.20","2.52","1.73","8.64","12.09","1.36","7.71","86.44"
"Subros Ltd","Auto Parts","4138.88","42.40","5.51","4.33","1.34","14.96","25.08","0.28","103.76","14.96"
"Innova Captab Ltd","Pharmaceuticals","4119.91","43.67","53.41","4.96","3.77","25.63","28.15","-","-30.33","17.93"
"Epack Durable Ltd","Home Electronics & Appliances","4111.74","116.22","108.75","4.61","2.88","35.51","16.00","-","-22.04","4.78"
"Imagicaaworld Entertainment Ltd","Theme Parks & Gaming","4094.51","7.57","-11.07","5.15","5.20","6.80","38.56","-","-15.24","12.11"
"Moschip Technologies Ltd","Software Services","4090.33","414.42","34.27","15.18","13.77","110.03","131.61","-","46.81","0.56"
"Patel Engineering Ltd","Construction & Engineering","4080.81","14.06","-20.58","1.29","0.86","6.64","5.93","-","32.91","3.75"
"Fiem Industries Ltd","Auto Parts","4070.99","24.57","35.10","4.59","1.99","13.66","30.18","1.29","18.51","62.96"
"Fedbank Financial Services Ltd","Diversified Financials","4069.91","16.63","-12.46","1.80","2.51","33.45","-","-","26.44","7.08"
"WPIL Ltd","Industrial Machinery","4065.55","8.56","14.94","2.61","1.86","4.82","-","0.96","151.12","48.63"
"Shrem InvIT","Roads","4060.89","3.89","-","0.67","2.00","7.24","-","19.60","80.58","18.47"
"Bhagiradha Chemicals and Industries Ltd","Fertilizers & Agro Chemicals","4060.31","222.73","67.20","9.81","9.90","89.31","118.41","0.03","-61.31","1.75"
"SEPC Ltd","Construction & Engineering","4049.88","177.78","31.04","3.34","6.67","55.68","-","-","492.19","0.16"
"Marsons Ltd","Heavy Electrical Equipments","4035.75","6509.27","414.82","283.81","609.63","3040.98","40357.45","-","-82.11","0.05"
"Paras Defence and Space Technologies Ltd","Aerospace & Defense Equipments","4023.32","125.49","35.60","9.08","15.37","66.04","-","-","-11.09","8.22"
"Balmer Lawrie and Company Ltd","Conglomerates","4008.33","15.32","-6.07","2.17","1.68","10.19","14.62","-","52.20","15.30"
"Paisalo Digital Ltd","Consumer Finance","3989.11","22.29","-42.83","3.00","6.05","27.11","-","0.23","89.07","1.99"
"Gokul Agro Resources Ltd","Packaged Foods & Meats","3969.65","29.24","125.34","5.05","0.29","12.63","11.17","-","1.28","9.20"
"Jeena Sikho Lifecare Ltd","Pharmaceuticals","3962.71","57.26","52.22","20.61","11.98","39.19","108.01","0.30","137.65","27.84"
"Northern ARC Capital Ltd","Diversified Financials","3938.66","12.77","-24.49","1.70","2.07","28.79","-","-","33.70","34.56"
"Kewal Kiran Clothing Ltd","Apparel & Accessories","3936.92","25.55","-7.24","5.83","4.39","16.74","28.98","-","29.46","25.00"
"India Glycols Ltd","Commodity Chemicals","3931.49","22.73","52.11","1.92","1.18","11.56","8.97","0.63","38.28","55.87"
"Jain Irrigation Systems Ltd","Agricultural & Farm Machinery","3915.05","86.54","-2.23","0.70","0.50","10.79","7.32","-","-94.85","0.69"
"Honda India Power Products Ltd","Industrial Machinery","3898.08","42.27","55.55","4.80","3.77","23.24","36.90","0.46","8.36","90.91"
"JTL Industries Ltd","Iron & Steel","3877.36","34.31","-4.90","5.00","1.89","23.57","-","0.11","47.05","6.54"
"Cigniti Technologies Ltd","Software Services","3874.15","23.40","12.42","5.25","2.10","13.83","29.93","0.21","-0.27","60.70"
"VST Tillers Tractors Ltd","Tractors","3859.93","31.88","35.69","4.18","3.75","18.28","79.41","-","31.07","140.12"
"Goldiam International Ltd","Precious Metals Jewellery & Watches","3859.04","42.50","107.97","6.07","6.26","27.75","36.06","-","8.84","8.40"
"Oriana Power Ltd","Construction & Engineering","3849.08","70.83","58.79","25.89","9.98","47.95","1425.59","-","305.88","33.33"
"Exicom Tele-Systems Ltd","Electronic Equipments","3837.99","60.05","10.18","5.32","3.70","26.90","135.00","-","567.79","6.16"
"TCI Express Ltd","Logistics","3837.43","29.14","-5.75","5.45","3.04","19.23","28.21","0.60","-5.50","34.35"
"Artemis Medicare Services Ltd","Business Support Services","3837.04","78.10","52.79","8.44","4.33","29.29","35.25","0.16","25.64","3.64"
"Servotech Power Systems Ltd","Electrical Components & Equipments","3829.98","325.68","97.69","26.95","10.78","171.27","5039.44","0.03","-0.98","0.55"
"La Opala R G Ltd","Housewares","3803.42","29.78","7.51","4.47","9.30","18.54","55.77","-","3.86","11.51"
"Stylam Industries Ltd","Construction & Engineering","3799.84","29.58","31.33","7.09","4.13","19.72","33.65","-","33.83","75.79"
"Dalmia Bharat Sugar and Industries Ltd","Sugar","3777.03","13.86","21.37","1.29","1.25","8.65","-","1.07","8.96","33.66"
"Avalon Technologies Ltd","Electronic Equipments","3771.36","134.84","10.84","6.28","4.28","48.42","218.12","-","-47.68","4.83"
"K.P. Energy Ltd","Renewable Energy","3756.65","64.05","37.44","20.71","7.81","39.21","139.14","-","33.84","8.79"
"Shivalik Bimetal Controls Ltd","Iron & Steel","3752.91","44.53","12.78","10.99","7.06","29.18","54.78","-","6.54","14.63"
"Nalwa Sons Investments Ltd","Asset Management","3737.79","66.44","101.38","0.30","41.72","49.62","90.88","-","-38.12","109.54"
"Nirlon Ltd","Real Estate","3731.34","18.15","-4.34","10.00","6.14","10.00","8.78","6.28","30.18","22.81"
"Venus Pipes and Tubes Ltd","Iron & Steel","3731.03","43.39","-13.40","9.19","4.63","25.88","71.43","0.03","70.17","42.36"
"IRB InvIT Fund","Roads","3730.87","10.00","-8.10","0.95","3.44","7.36","3.78","0.47","0.95","6.43"
"Vishnu Prakash R Punglia Ltd","Construction & Engineering","3729.35","30.52","82.55","5.17","2.52","18.42","-","-","9.96","11.21"
"Motilal Oswal NASDAQ 100 ETF","Equity","3724.73","-","17.42","-","-","-","-","0.00","-","-"
"Arvind Smartspaces Ltd","Real Estate","3714.51","89.36","16.70","5.93","10.59","31.28","121.79","-","57.10","9.17"
"West Coast Paper Mills Ltd","Paper Products","3697.75","5.34","-9.06","0.97","0.80","2.48","4.84","1.43","-26.54","104.77"
"Kingfa Science and Technology (India) Ltd","Commodity Chemicals","3697.38","30.18","60.89","6.28","2.48","19.79","229.65","0.33","50.51","101.18"
"TCNS Clothing Co Ltd","Apparel & Accessories","3697.20","-12.81","30.43","6.04","3.80","-","-","-","-1503.33","-45.67"
"Indraprastha Medical Corporation Ltd","Hospitals & Diagnostic Centres","3663.25","29.55","44.65","7.67","2.90","16.52","18.30","-","43.89","13.52"
"Geojit Financial Services Ltd","Investment Banking & Brokerage","3660.23","25.27","71.52","4.02","5.87","13.87","-","0.98","49.01","5.45"
"Sky Gold Ltd","Precious Metals Jewellery & Watches","3659.72","90.39","229.84","14.99","2.09","47.78","-","-","94.95","33.77"
"Swaraj Engines Ltd","Tractors","3641.42","26.41","21.12","9.88","2.54","17.02","25.58","3.17","3.17","113.50"
"Polyplex Corp Ltd","Commodity Chemicals","3640.58","96.26","30.82","0.63","0.57","13.86","8.00","-","-89.14","12.05"
"Sunflag Iron and Steel Co Ltd","Iron & Steel","3640.43","25.36","-3.05","0.70","1.04","10.74","14.90","-","-87.13","7.96"
"IndoStar Capital Finance Ltd","Consumer Finance","3636.04","31.39","3.45","1.12","2.60","62.90","-","-","-48.55","8.51"
"Hi-Tech Pipes Ltd","Building Products - Pipes","3635.43","82.75","38.97","6.31","1.35","34.57","-","-","468.69","3.16"
"JNK India Ltd","Construction & Engineering","3607.29","57.59","-6.62","18.46","7.43","34.87","-","-","33.90","13.00"
"Indian Metals and Ferro Alloys Ltd","Iron & Steel","3600.36","9.13","-3.44","1.69","1.28","5.28","7.03","1.12","75.14","73.12"
"MPS Ltd","Publishing","3595.16","30.27","30.64","7.82","6.45","18.97","30.46","3.57","8.77","69.44"
"Sindhu Trade Links Ltd","Logistics","3566.48","62.72","-8.21","1.64","1.94","17.36","5.21","-","13768.29","0.37"
"Sanghvi Movers Ltd","Business Support Services","3564.33","18.96","-40.18","3.52","5.51","9.05","11.71","0.73","67.75","21.71"
"Dhani Services Ltd","Investment Banking & Brokerage","3549.44","-9.46","14.33","1.03","7.40","-","-","-","21.33","-6.17"
"BF Utilities Ltd","Renewable Energy","3546.97","351.53","15.10","8.69","99.66","357.13","8.13","-","-91.89","2.68"
"Lumax AutoTechnologies Ltd","Auto Parts","3545.22","27.23","9.83","3.50","1.24","10.28","13.36","-","40.17","19.10"
"Hinduja Global Solutions Ltd","Outsourced services","3509.72","26.35","-11.34","0.46","0.69","3.28","18.24","-","-61.80","26.90"
"DCB Bank Ltd","Private Banks","3506.99","6.54","-9.73","0.69","0.60","0.54","-","1.11","14.79","17.17"
"CARE Ratings Ltd","Stock Exchanges & Ratings","3506.80","34.89","4.16","4.84","9.27","21.88","38.59","1.53","19.92","33.76"
"Savita Oil Technologies Ltd","Commodity Chemicals","3503.44","17.45","-9.77","2.16","0.92","9.85","20.97","-","166.83","29.05"
"Suraj Estate Developers Ltd","Real Estate Rental Development & Operations","3487.70","51.68","94.27","6.76","8.39","16.14","387.09","0.12","78.55","18.09"
"Sula Vineyards Ltd","Alcoholic Beverages","3486.13","37.36","-26.44","6.34","6.06","20.19","28.77","2.06","7.20","11.07"
"Quick Heal Technologies Ltd","IT Services & Consulting","3476.45","143.42","26.11","7.96","11.10","83.62","191.12","0.46","294.72","4.55"
"Bhansali Engineering Polymers Ltd","Commodity Chemicals","3466.35","19.33","35.50","3.76","2.75","12.92","15.08","2.87","63.95","7.21"
"Fischer Medical Ventures Ltd","-","3457.97","1889.60","14.83","42.63","160.99","1456.04","-","-","129.32","0.68"
"Precision Wires India Ltd","Electrical Components & Equipments","3453.82","47.40","41.68","6.82","1.04","22.33","57.87","0.31","50.42","4.08"
"Kalyani Steels Ltd","Iron & Steel","3442.48","13.84","-9.22","2.05","1.71","8.22","11.42","1.27","-","56.85"
"Muthoot Microfin Ltd","Microfinancing","3419.03","7.60","-15.45","1.22","1.50","16.79","-","-","120.55","31.29"
"Seamec Ltd","Oil & Gas - Equipment & Services","3409.62","28.49","21.06","3.74","4.50","13.25","22.73","-","262.70","47.08"
"Kalyani Investment Company Ltd","Asset Management","3401.90","48.56","82.22","0.41","35.48","35.24","-","-","20.63","160.47"
"Datamatics Global Services Ltd","IT Services & Consulting","3398.37","17.15","-4.60","2.78","2.13","10.14","18.48","0.87","4.86","33.60"
"RPSG Ventures Ltd","Packaged Foods & Meats","3393.18","-79.91","47.04","0.76","0.42","6.65","3.27","-","75.05","-13.57"
"Hubtown Ltd","Real Estate","3352.12","-38.90","85.11","2.55","9.26","1944.03","20.86","-","-369.42","-11.03"
"Hathway Cable and Datacom Ltd","Cable & D2H","3350.81","33.74","-16.42","0.78","1.55","2.93","-","-","52.11","0.56"
"Spandana Sphoorty Financial Ltd","Consumer Finance","3334.23","6.66","-46.90","0.91","1.32","15.72","-","-","3904.13","70.38"
"Jindal Poly Films Ltd","Packaging","3314.63","46.36","39.24","0.57","0.75","4.62","24.94","-","-77.59","16.33"
"DCX Systems Ltd","Cables","3298.71","43.53","-8.01","2.93","2.24","21.22","744.63","-","-11.55","7.28"
"Ajmera Realty & Infra India Ltd","Real Estate","3272.17","31.82","17.45","3.29","4.62","19.52","14.89","0.43","43.83","28.98"
"HPL Electric & Power Ltd","Electrical Components & Equipments","3267.11","74.99","41.67","3.84","2.23","19.43","32.58","0.20","44.37","6.78"
"Gujarat Themis Biosyn Ltd","Pharmaceuticals","3263.51","55.17","12.37","16.21","18.73","39.21","50.83","0.22","70.06","9.05"
"Fino Payments Bank Ltd","Private Banks","3249.10","37.68","32.49","5.05","2.20","15.62","-","-","32.50","10.36"
"Goodluck India Ltd","Iron & Steel","3243.08","24.58","8.45","2.82","0.92","12.45","-","-","35.59","44.70"
"Alembic Ltd","Pharmaceuticals","3237.25","12.05","34.40","1.48","15.25","28.96","142.67","1.90","40.90","10.46"
"Mahanagar Telephone Nigam Ltd","Telecom Services","3233.79","-0.99","35.26","-0.14","2.35","357.55","24.86","-","-12.09","-51.87"
"Gujarat Industries Power Company Ltd","Power Generation","3231.63","16.28","15.34","0.98","2.27","7.07","5.76","-","5.21","13.13"
"Veedol Corporation Ltd","Commodity Chemicals","3228.09","22.59","19.76","3.90","1.64","15.62","20.76","2.81","24.74","82.03"
"Kitex Garments Ltd","Apparel & Accessories","3221.93","57.20","143.10","3.12","5.10","34.52","-","0.31","-2.15","8.47"
"Summit Securities Ltd","Asset Management","3205.29","42.33","119.52","0.36","31.35","32.53","88.59","-","104.40","69.47"
"Mahindra Logistics Ltd","Logistics","3199.40","-58.45","-1.49","6.34","0.58","15.45","14.10","0.56","-308.06","-7.60"
"Steel Strips Wheels Ltd","Auto Parts","3196.96","4.74","-8.34","2.22","0.66","4.42","16.57","-","247.22","43.05"
"KDDL Ltd","Precious Metals Jewellery & Watches","3195.97","31.13","-1.40","2.79","2.25","11.71","32.66","-","93.09","80.77"
"Apeejay Surrendra Park Hotels Ltd","Hotels Resorts & Cruise Lines","3188.45","46.35","-25.73","2.66","5.39","15.72","18.96","-","28.71","3.54"
"Nucleus Software Exports Ltd","Software Services","3182.07","16.61","-8.43","4.09","3.63","10.27","14.33","1.05","49.93","71.56"
"Max Ventures and Industries Ltd","Packaging","3181.05","181.57","-","2.57","24.23","82.96","93.64","-","-95.65","1.15"
"SJS Enterprises Ltd","Auto Parts","3180.14","37.50","67.28","5.66","5.00","20.15","29.26","-","24.88","27.59"
"ADF Foods Ltd","Packaged Foods & Meats","3177.80","42.21","25.49","7.19","5.98","26.64","45.50","0.43","31.22","6.62"
"Tasty Bite Eatables Ltd","Packaged Foods & Meats","3175.05","76.47","4.84","11.08","5.69","35.32","47.54","0.02","37.44","161.81"
"Monarch Networth Capital Ltd","Investment Banking & Brokerage","3156.09","25.63","36.06","9.12","11.31","16.96","-","0.11","174.58","18.18"
"Vakrangee Limited","Outsourced services","3142.33","722.37","14.89","19.38","14.58","106.14","101.01","-","369.21","0.04"
"Repco Home Finance Ltd","Consumer Finance","3139.02","7.54","-1.87","1.05","2.04","24.56","-","0.60","31.63","66.54"
"Navneet Education Ltd","Publishing","3123.97","12.42","-5.38","2.41","1.70","8.90","20.04","1.88","22.99","11.12"
"Wendt (India) Limited","Industrial Machinery","3117.97","76.14","22.93","14.70","13.33","48.22","104.59","0.32","2.16","204.77"
"Pokarna Ltd","Cement","3115.13","35.66","113.16","5.26","4.46","15.74","16.56","-","32.73","28.18"
"Delta Corp Ltd","Theme Parks & Gaming","3112.57","12.74","-5.42","1.24","3.01","6.05","18.28","1.08","-6.72","9.12"
"Blue Cloud Softech Solutions Ltd","Software Services","3110.69","541.93","164.07","47.05","15.22","387.37","2087.71","1.40","251.38","0.42"
"Vishnu Chemicals Ltd","Diversified Chemicals","3099.76","30.66","54.84","3.99","2.53","15.26","45.92","-","111.77","16.14"
"Ddev Plastiks Industries Ltd","Commodity Chemicals","3085.67","16.99","42.17","4.68","1.26","10.91","26.55","-","-8.58","16.72"
"Jash Engineering Ltd","Construction & Engineering","3049.81","45.68","36.32","8.68","5.84","28.84","52.29","0.29","26.83","54.71"
"KP Green Engineering Ltd","Heavy Electrical Equipment","3048.25","86.13","14.90","11.43","8.66","53.66","-","-","143.83","8.25"
"Thirumalai Chemicals Ltd","Commodity Chemicals","3047.07","-78.55","7.11","2.66","1.45","52.09","12.85","0.34","-143.17","-3.79"
"Ashiana Housing Ltd","Real Estate","3022.28","36.24","-20.23","3.92","3.13","23.74","14.24","-","201.83","8.22"
"Gensol Engineering Ltd","Construction & Engineering","3013.21","50.60","-17.97","9.63","3.03","15.74","-","-","137.62","15.98"
"Sandhar Technologies Ltd","Auto Parts","3011.34","27.43","-4.60","2.96","0.85","10.43","10.96","0.65","50.46","18.24"
"Globus Spirits Ltd","Alcoholic Beverages","3009.93","31.19","31.19","3.09","1.24","17.83","17.68","0.34","-21.07","33.49"
"Raghav Productivity Enhancers Ltd","Commodity Chemicals","3008.51","115.80","108.78","19.02","22.59","74.06","143.88","0.69","49.13","11.32"
"Salasar Techno Engineering Ltd","Iron & Steel","3006.31","56.78","-17.29","6.67","2.48","26.43","58.19","-","25.52","0.34"
"Bajaj Consumer Care Ltd","FMCG - Personal Products","3004.88","19.33","-3.88","3.62","2.92","11.92","25.83","1.43","13.51","10.89"
"Sri Adhikari Brothers Television Network Ltd","TV Channels & Broadcasters","2990.34","-140.59","1222.73","253.85","917.28","-","-","-","-15.87","-7.05"
"Flair Writing Industries Ltd","Stationery","2963.72","24.91","-6.83","3.30","2.98","13.56","38.17","-","-4.58","11.97"
"Indoco Remedies Ltd","Pharmaceuticals","2955.36","30.01","-2.69","2.66","1.60","13.54","18.86","-","-30.79","10.68"
"Bajel Projects Ltd","Electric Utilities","2944.99","686.48","-5.75","5.20","2.47","83.45","15.07","-","369.60","0.37"
"Dollar Industries Ltd","Apparel & Accessories","2934.49","32.54","-7.71","3.74","1.86","20.03","-","0.58","71.69","15.90"
"Maithan Alloys Ltd","Iron & Steel","2921.34","8.37","-13.09","0.93","1.40","2.40","-","-","-30.08","119.87"
"Stove Kraft Ltd","Home Electronics & Appliances","2912.36","85.31","104.85","6.63","2.13","26.02","25.87","0.28","-4.82","10.33"
"Capacite Infraprojects Ltd","Construction & Engineering","2909.11","24.19","13.03","1.92","1.48","8.31","-","-","12.39","15.77"
"Kolte-Patil Developers Ltd","Real Estate","2907.55","-41.93","-30.82","3.95","2.08","85.55","-","1.05","-166.64","-9.12"
"Eveready Industries India Ltd","Batteries","2902.40","43.47","12.53","7.51","2.20","22.35","18.86","0.25","141.75","9.19"
"Saksoft Ltd","IT Services & Consulting","2896.11","30.11","0.59","5.73","3.77","18.90","24.82","0.28","16.92","7.65"
"DCW Ltd","Commodity Chemicals","2892.22","184.69","72.37","2.80","1.53","16.41","11.47","-","-92.31","0.53"
"Shipping Corporation of India Land and Assets Ltd","Real Estate","2892.15","60.90","4.00","0.90","29.23","51.77","-","1.06","33.59","1.02"
"Marathon Nextgen Realty Ltd","Real Estate","2890.70","17.36","29.13","2.87","3.88","13.03","130.80","0.18","30.30","34.15"
"TCPL Packaging Ltd","Packaging","2887.64","28.49","50.64","5.49","1.86","12.84","12.34","0.69","-8.73","111.38"
"TVS Srichakra Ltd","Tires & Rubber","2885.64","26.73","-8.42","2.60","0.91","12.43","12.66","1.26","38.42","140.98"
"Prakash Industries Ltd","Iron & Steel","2885.55","8.29","-2.93","0.95","0.71","5.34","4.80","0.74","82.79","19.44"
"Oriental Hotels Ltd","Hotels Resorts & Cruise Lines","2877.95","57.95","18.44","4.65","7.12","28.05","31.78","0.31","-8.48","2.78"
"Ashapura Minechem Ltd","Metals - Diversified","2872.47","10.01","-11.02","3.13","1.00","7.98","19.40","-","145.28","31.37"
"Apollo Micro Systems Ltd","Electronic Equipments","2867.82","92.15","-13.52","5.52","7.68","35.66","-","-","40.74","1.27"
"Rajratan Global Wire Ltd","Iron & Steel","2854.85","39.74","-13.33","5.80","3.18","23.12","27.04","0.36","-28.24","14.15"
"Deep Industries Ltd","Oil & Gas - Equipment & Services","2844.80","22.97","50.78","1.86","6.13","14.71","15.77","0.55","33.82","12.90"
"Rane Holdings Ltd","Auto Parts","2843.93","22.98","61.46","2.43","0.79","18.31","12.18","1.26","98.76","86.69"
"Marine Electricals (India) Ltd","Electrical Components & Equipments","2828.55","99.70","112.93","12.70","5.22","52.58","2525.49","-","39.87","2.19"
"Genesys International Corporation Ltd","IT Services & Consulting","2809.93","127.32","11.38","5.73","13.82","32.42","147.35","-","3.43","5.71"
"Foseco India Ltd","Specialty Chemicals","2801.23","38.38","25.85","9.77","5.48","24.94","49.06","0.57","58.74","114.29"
"Precision Camshafts Ltd","Auto Parts","2793.82","69.24","38.19","3.73","2.47","17.25","21.34","0.34","-12.81","4.25"
"Somany Ceramics Ltd","Building Products - Ceramics","2790.50","28.80","8.46","3.32","1.07","12.18","7.09","0.44","37.86","23.21"
"Jyoti Structures Ltd","Power Transmission & Distribution","2786.57","96.59","38.57","-109.23","6.02","161.79","-","-","776.63","0.41"
"Stanley Lifestyles Ltd","Retail - Department Stores","2785.86","92.55","2.92","10.79","6.28","29.84","76.96","-","6.74","4.86"
"PTC India Financial Services Ltd","Specialized Finance","2770.17","17.23","6.36","1.09","3.57","23.33","1.08","-","-8.57","2.50"
"ideaForge Technology Ltd","Aerospace & Defense Equipments","2767.92","61.13","-6.74","4.19","8.04","27.87","36.40","-","-8.47","14.10"
"Dishman Carbogen Amcis Ltd","Labs & Life Sciences Services","2766.28","-18.03","-23.87","0.49","1.05","15.04","7.20","-","-414.93","-9.79"
"KCP Ltd","Cement","2755.69","14.62","17.03","1.55","0.94","6.34","26.17","0.47","351.72","14.63"
"Sagar Cements Ltd","Cement","2754.92","-63.54","-6.57","1.36","1.07","12.75","6.88","0.33","-236.55","-3.32"
"Nilkamal Ltd","Plastic Products","2742.31","22.43","-2.47","1.94","0.85","9.59","10.97","1.09","-8.72","81.92"
"Motisons Jewellers Ltd","Apparel & Accessories Retailers","2739.26","84.99","70.60","8.35","6.57","44.40","-","-","15.39","3.94"
"Interarch Building Products Ltd","Building Products - Prefab Structures","2726.29","31.61","37.02","6.13","2.09","19.58","33.44","-","7.97","58.64"
"BF Investment Ltd","Asset Management","2714.52","6.26","24.34","0.44","4.64","4.19","298.63","-","67.27","115.15"
"Hindustan Oil Exploration Company Ltd","Oil & Gas - Exploration & Production","2709.80","11.97","0.67","2.31","3.38","7.81","22.09","-","16.68","17.12"
"KRN Heat Exchanger and Refrigeration Ltd","Electrical Components & Equipments","2706.48","69.27","-9.06","20.56","8.63","43.59","980.61","-","-","8.47"
"Veritas (India) Ltd","Commodities Trading","2702.98","14.47","-29.99","1.08","0.69","11.47","48.43","0.00","97.08","69.69"
"Automotive Axles Ltd","Auto Parts","2702.85","16.27","-4.29","3.09","1.20","10.00","10.39","1.79","2.56","109.95"
"Confidence Petroleum India Ltd","Oil & Gas - Storage & Transportation","2696.80","26.60","-10.75","2.13","0.99","8.39","10.26","-","18.25","3.37"
"Vadilal Industries Ltd","FMCG - Foods","2689.51","18.43","-10.26","4.96","2.36","12.24","14.01","-","51.57","203.05"
"Dredging Corporation of India Ltd","Dredging","2679.74","75.10","16.10","2.12","2.82","14.78","14.05","-","118.18","12.74"
"Pennar Industries Ltd","Iron & Steel","2678.95","27.24","42.21","3.05","0.84","10.55","11.92","-","33.88","7.29"
"SBI Gold ETF","Gold","2644.09","-","9.39","-","-","-","-","0.00","-","-"
"Tinna Rubber and Infrastructure Ltd","Tires & Rubber","2641.03","65.55","76.19","20.67","7.21","40.86","44.64","0.32","84.82","23.52"
"RIR Power Electronics Ltd","Electronic Equipments","2634.30","375.26","88.33","41.92","38.34","223.12","1656.79","0.05","16.44","10.12"
"Arkade Developers Ltd","Real Estate","2629.55","21.40","-14.61","8.13","4.13","15.80","25.85","-","141.88","8.08"
"John Cockerill India Ltd","Industrial Machinery & Supplies & Components","2623.24","121.17","47.83","12.41","3.90","77.32","153.77","0.13","-","43.85"
"Ram Ratna Wires Ltd","Electrical Components & Equipments","2612.94","50.02","73.21","6.05","0.87","20.88","18.89","0.84","74.48","11.87"
"Mayur Uniquoters Ltd","Textiles","2610.63","21.32","18.89","3.01","3.13","12.63","23.19","0.51","18.37","27.86"
"Meghmani Organics Ltd","Commodity Chemicals","2608.76","-24.60","17.37","1.71","1.63","195.93","10.45","-","-144.61","-4.17"
"Novartis India Ltd","Pharmaceuticals","2605.62","30.59","3.01","3.50","6.57","15.89","22.98","2.37","-17.58","34.50"
"DISA India Ltd","Industrial Machinery","2603.03","60.70","30.61","10.59","7.56","37.58","46.60","1.12","44.04","294.87"
"Krsnaa Diagnostics Ltd","Hospitals & Diagnostic Centres","2599.65","45.74","41.94","3.21","4.08","16.80","106.76","0.31","-9.78","17.85"
"Shalby Ltd","Hospitals & Diagnostic Centres","2596.83","30.89","-12.80","2.58","2.72","14.51","132.49","-","24.53","7.83"
"Sasken Technologies Ltd","Software Services","2588.92","32.89","9.72","3.30","5.42","24.97","43.61","1.46","-20.95","52.25"
"Unitech Ltd","Real Estate","2584.91","-0.78","-11.79","-0.52","5.02","-","171.30","-","-19.33","-12.72"
"Nippon India ETF Nifty 1D Rate Liquid BeES","Debt","2580.84","-","0.00","-","-","-","-","0.00","-","-"
"Suven Life Sciences Ltd","Pharmaceuticals","2562.15","-24.38","9.70","9.49","63.61","-","-","-","23.43","-4.82"
"Baazar Style Retail Ltd","Retail - Speciality","2558.63","116.62","-14.28","11.89","2.60","21.05","22.92","-","330.20","3.14"
"ECOS (India) Mobility & Hospitality Ltd","Tour & Travel Services","2554.50","40.86","-3.93","14.40","4.50","23.97","38.05","-","-94.38","20.43"
"Ravindra Energy Ltd","Electrical Components & Equipments","2549.04","-49.42","105.71","15.43","17.41","-","41.87","-","-407.36","-3.42"
"GTL Infrastructure Ltd","Telecom Infrastructure","2548.60","-3.74","17.06","-0.50","1.79","14.84","13.11","-","62.77","-0.53"
"SMS Pharmaceuticals Ltd","Pharmaceuticals","2541.68","51.01","42.06","4.74","3.56","22.98","50.71","0.13","805.81","5.89"
"SG Finserve Ltd","Specialized Finance","2527.57","32.16","3.91","3.13","13.32","32.39","-","-","105.27","16.33"
"Dr Agarwal's Eye Hospital Ltd","Hospitals & Diagnostic Centres","2505.90","54.05","54.20","15.95","7.73","28.20","27.91","0.05","25.57","98.64"
"Systematix Corporate Services Ltd","Diversified Financials","2500.84","46.88","147.02","16.42","17.13","33.69","28.47","-","950.20","40.66"
"Themis Medicare Ltd","Pharmaceuticals","2497.05","57.38","27.46","6.61","6.16","34.28","113.04","0.18","-23.53","4.73"
"Pondy Oxides and Chemicals Ltd","Metals - Lead","2494.32","78.22","146.92","6.98","1.61","34.31","38.20","0.25","-59.24","13.16"
"SML Isuzu Ltd","Trucks & Buses","2491.15","23.09","-23.48","8.72","1.13","15.54","-","0.93","443.43","74.47"
"NRB Bearings Ltd","Industrial Machinery","2489.94","10.40","-20.71","2.84","1.89","6.72","21.62","1.60","154.77","24.70"
"Landmark Cars Ltd","Retail - Speciality","2488.74","44.43","-21.14","4.59","0.75","13.76","60.98","0.25","-37.52","13.84"
"Premier Explosives Ltd","Commodity Chemicals","2478.66","87.40","-3.26","11.19","8.98","40.11","31.39","0.11","309.83","5.28"
"Sai Silks (Kalamandir) Ltd","Textiles","2474.30","24.53","-18.07","2.33","1.77","10.45","60.01","-","-7.08","7.54"
"Prataap Snacks Ltd","Packaged Foods & Meats","2472.69","46.53","15.99","3.39","1.52","16.98","19.52","0.19","159.32","22.46"
"Rashi Peripherals Ltd","Technology Hardware","2471.90","17.50","10.60","1.59","0.22","9.42","-","0.27","-11.08","26.23"
"Huhtamaki India Ltd","Packaging","2471.46","6.03","-5.51","2.15","0.83","4.02","9.03","1.53","725.20","54.24"
"MM Forgings Ltd","Iron & Steel","2457.05","18.20","-3.43","3.11","1.55","10.10","18.72","0.79","5.53","27.97"
"HLE Glascoat Ltd","Industrial Machinery","2453.12","82.62","-20.54","4.94","2.51","24.41","26.03","-","-57.48","4.35"
"Kesar India Ltd","Real Estate Development","2440.39","225.13","169.81","81.35","45.19","158.13","264.97","-","1289.73","4.39"
"Goodyear India Ltd","Tires & Rubber","2438.25","25.71","-9.90","4.19","0.95","12.38","18.08","3.88","-22.80","41.12"
"Xpro India Ltd","Plastic Products","2431.42","55.41","0.10","4.34","5.09","28.17","55.28","0.18","-13.65","21.81"
"EFC (I) Ltd","Distributors","2428.36","41.88","28.26","5.63","5.66","13.83","83.42","-","499.25","13.82"
"Shanti Educational Initiatives Ltd","Education Services","2419.83","662.97","151.38","37.98","105.16","423.85","-","-","7.99","2.27"
"Spectrum Electrical Industries Ltd","Electrical Components & Equipments","2419.02","122.61","19.19","14.26","7.24","54.58","-","0.06","129.79","12.84"
"Platinum Industries Ltd","Commodity Chemicals","2416.69","55.26","102.21","7.10","9.05","34.26","73.81","-","-1.43","9.19"
"Parag Milk Foods Ltd","FMCG - Foods","2413.56","26.64","-8.48","2.65","0.76","13.61","24.35","2.47","52.88","7.66"
"Thejo Engineering Ltd","Construction & Engineering","2409.63","43.32","-26.21","8.84","4.28","23.25","46.51","0.13","70.74","51.83"
"Aeroflex Industries Ltd","Iron & Steel","2403.94","57.59","27.23","8.20","7.47","34.74","54.54","0.13","289.75","3.43"
"Venky's (India) Ltd","Packaged Foods & Meats","2400.90","30.36","-2.99","1.75","0.64","14.57","29.29","0.41","12.20","56.14"
"Accelya Solutions India Ltd","Software Services","2396.78","25.54","-9.28","8.47","4.60","13.42","15.35","4.05","-25.94","62.88"
"Updater Services Ltd","Business Support Services","2395.08","35.25","15.80","2.83","0.97","14.91","23.33","-","67.50","11.33"
"TechNVision Ventures Ltd","Software Services","2376.97","175.55","87.11","155.97","12.29","133.32","119.33","-","6054.55","21.58"
"Dolat Algotech Ltd","Investment Banking & Brokerage","2355.23","14.97","30.30","2.97","6.25","10.98","-","0.19","35.63","8.94"
"PSP Projects Ltd","Construction & Engineering","2354.52","19.15","-14.85","2.57","0.93","9.06","-","-","-6.80","34.16"
"Vindhya Telelinks Ltd","Telecom Equipments","2353.88","8.33","-25.69","0.59","0.55","5.47","5.34","0.76","52.56","238.55"
"Dish TV India Ltd","Cable & D2H","2351.28","-1.20","-29.64","-0.85","1.25","5.85","3.48","-","-16.81","-10.68"
"Dreamfolks Services Ltd","Logistics","2345.90","33.99","-15.92","9.92","2.06","23.12","107.02","-","-5.55","13.11"
"Ge Power India Ltd","Construction & Engineering","2337.84","-13.65","1.95","33.98","1.32","-","13.51","-","61.11","-25.49"
"Agro Tech Foods Ltd","Packaged Foods & Meats","2332.99","224.11","29.52","4.66","3.05","61.48","37.26","-","-30.97","4.27"
"Mold-Tek Packaging Ltd","Plastic Products","2329.01","34.98","-18.31","3.92","3.33","18.23","29.55","-","-19.67","20.05"
"NIBE Ltd","Textiles","2328.77","125.74","2.68","12.45","8.16","61.15","128.10","-","1005.46","14.82"
"Indo Tech Transformers Ltd","Heavy Electrical Equipments","2318.45","49.48","14.27","10.68","4.55","30.35","72.98","-","82.33","44.12"
"Insecticides (India) Ltd","Fertilizers & Agro Chemicals","2314.73","22.61","43.59","2.28","1.17","13.58","12.60","0.38","61.94","34.59"
"Hindware Home Innovation Ltd","Home Furnishing","2301.56","89.31","-13.67","3.79","0.81","12.10","9.56","0.13","-54.87","3.56"
"IOL Chemicals and Pharmaceuticals Ltd","Commodity Chemicals","2299.49","17.11","-1.05","1.43","1.06","8.39","7.93","1.28","-3.39","22.90"
"ESAF Small Finance Bank Limited","Private Banks","2298.91","5.40","-26.68","0.92","0.54","1.41","2.30","1.57","31.24","8.83"
"Vidhi Specialty Food Ingredients Ltd","Commodity Chemicals","2297.47","63.03","-1.34","8.20","7.54","39.47","36.20","-","-3.32","7.30"
"Centum Electronics Ltd","Electronic Equipments","2294.73","1289.17","-11.78","11.67","2.09","27.83","10.74","0.34","-81.88","1.38"
"Mangalam Cement Ltd","Cement","2288.88","38.33","-3.31","2.82","1.30","11.03","12.54","0.18","248.42","21.72"
"Lumax Industries Ltd","Auto Parts","2284.77","20.58","-0.41","3.40","0.84","9.85","17.26","-","7.69","118.75"
"Panama Petrochem Ltd","Specialty Chemicals","2284.24","11.71","11.01","2.07","0.96","8.11","-","1.85","-16.23","32.26"
"Siyaram Silk Mills Ltd","Textiles","2277.81","12.33","6.61","2.00","1.07","7.53","17.72","2.19","-25.19","40.06"
"Barbeque-Nation Hospitality Ltd","Restaurants & Cafes","2277.37","-169.95","3.77","5.64","1.79","12.79","10.33","-","-178.66","-3.44"
"Indian Hume Pipe Company Ltd","Water Management","2266.11","29.19","60.06","2.73","1.62","13.94","10.64","0.35","33.56","15.35"
"Federal-Mogul Goetze (India) Ltd","Auto Parts","2264.51","17.85","9.69","1.91","1.31","7.11","14.18","2.14","25.79","22.81"
"Media Matrix Worldwide Ltd","Advertising","2262.09","450.61","11.38","7.82","1.59","128.08","73.97","-","266.42","0.04"
"Nitin Spinners Ltd","Textiles","2246.55","17.08","12.88","1.96","0.77","9.45","13.74","0.63","-20.20","23.40"
"Carysil Ltd","Home Furnishing","2245.97","38.80","-18.35","6.27","3.26","18.73","38.83","-","10.21","21.60"
"Igarashi Motors India Ltd","Auto Parts","2244.17","234.75","48.77","5.02","3.09","30.98","44.58","0.14","82.10","3.04"
"Welspun Specialty Solutions Ltd","Iron & Steel","2236.45","35.80","13.66","20.01","3.11","32.03","299.39","-","554.66","1.18"
"Orient Green Power Company Ltd","Renewable Energy","2229.93","58.07","-1.72","2.85","7.51","14.43","8.94","-","4.31","0.40"
"S.P.Apparels Ltd","Apparel & Accessories","2225.34","24.83","51.12","2.94","2.02","13.17","28.10","-","9.93","35.72"
"Ador Welding Ltd","Industrial Machinery","2223.38","35.19","-12.58","6.14","2.48","21.51","64.45","1.13","6.58","46.47"
"TTK Healthcare Ltd","Pharmaceuticals","2213.02","35.22","3.53","2.21","2.71","14.62","-","0.64","-90.18","44.47"
"Sanstar Ltd","Agro Products","2211.72","33.13","5.47","8.72","2.04","20.74","77.33","-","-45.43","7.92"
"India Pesticides Ltd","Fertilizers & Agro Chemicals","2210.56","36.74","-15.98","2.68","3.18","20.88","19.30","0.39","-57.99","5.22"
"TIL Ltd","Heavy Machinery","2198.20","8.66","50.26","69.59","5.92","10.25","-","-","476.27","94.32"
"63 Moons Technologies Ltd","IT Services & Consulting","2198.18","9.88","11.60","0.66","3.54","3.06","46.61","-","1464.26","48.29"
"EIH Associated Hotels Ltd","Hotels Resorts & Cruise Lines","2186.70","26.99","-3.83","4.72","5.50","15.81","28.20","0.84","25.40","13.30"
"Suratwwala Business Group Ltd","Real Estate","2186.43","78.68","34.56","36.92","30.11","56.63","7539.43","-","31.27","1.60"
"Tatva Chintan Pharma Chem Ltd","Specialty Chemicals","2181.78","71.91","-24.69","2.96","5.44","28.30","22.25","0.21","-35.07","13.32"
"ICICI Prudential Nifty 50 ETF","Equity","2180.65","-","10.34","-","-","-","-","0.00","-","-"
"Ugro Capital Ltd","Investment Banking & Brokerage","2180.58","18.27","-5.47","1.52","2.02","29.79","-","-","160.83","14.84"
"Owais Metal and Mineral Processing Ltd","Metals - Diversified","2172.43","140.52","77.43","31.80","27.01","93.05","-","0.17","2677.63","15.16"
"Gandhar Oil Refinery (INDIA) Ltd","Oil & Gas - Refining & Marketing","2170.17","15.45","2.18","1.77","0.53","7.65","-","0.23","-33.79","15.80"
"Amrutanjan Health Care Ltd","Pharmaceuticals","2164.32","48.12","11.27","7.50","4.95","31.34","77.55","0.61","13.52","15.47"
"Universal Cables Ltd","Cables","2163.78","19.99","9.57","1.22","1.02","11.30","65.45","0.48","-8.39","31.19"
"DEN Networks Ltd","Cable & D2H","2163.56","12.32","-13.97","0.60","1.75","-","30.43","-","-37.97","3.68"
"Yasho Industries Ltd","Specialty Chemicals","2161.80","37.31","0.03","7.34","3.60","25.45","23.97","0.03","-14.62","50.83"
"HMA Agro Industries Ltd","Packaged Foods & Meats","2157.32","21.44","-31.67","2.93","0.44","13.79","-","-","51.20","0.38"
"NIIT Ltd","Education Services","2156.12","56.21","49.39","2.08","5.85","22.63","233.35","-","1859.29","1.06"
"Vardhman Special Steels Ltd","Iron & Steel","2149.87","23.46","1.23","2.99","1.27","12.92","15.10","0.76","-8.98","11.26"
"Tarsons Products Ltd","Health Care Equipment & Supplies","2132.24","50.01","-14.36","3.48","6.93","21.37","20.76","-","-","8.01"
"Paramount Communications Ltd","Cables","2122.96","24.80","-12.15","3.39","1.97","22.08","-","-","39.91","3.44"
"Apcotex Industries Ltd","Specialty Chemicals","2122.79","39.40","-10.98","4.07","1.87","18.61","52.79","1.34","-50.08","10.39"
"Antony Waste Handling Cell Ltd","Environmental Services","2115.59","24.54","47.64","2.94","2.36","12.99","15.13","-","26.42","30.43"
"Omaxe Ltd","Real Estate","2115.06","-5.25","15.47","3.49","1.29","-","2.14","-","-15.72","-22.01"
"Ramco Industries Ltd","Cement","2114.32","20.00","5.16","0.52","1.40","13.31","15.70","0.31","-14.81","12.18"
"HIL Ltd","Cement","2112.70","60.69","4.04","1.69","0.61","13.88","12.19","1.34","-64.22","46.01"
"MIC Electronics Ltd","Electrical Components & Equipments","2102.10","34.00","80.77","17.24","33.27","99.91","-","-","41120.00","2.79"
"Astec Lifesciences Ltd","Fertilizers & Agro Chemicals","2096.26","-44.66","-15.49","5.67","4.52","-","205.11","0.14","-283.52","-23.94"
"Mukand Ltd","Iron & Steel","2094.75","20.40","-12.96","2.26","0.40","11.44","32.26","1.38","-40.21","7.11"
"Jain Irrigation Systems Ltd","Agricultural & Farm Machinery","2091.93","-","-13.77","-","-","-","-","-","-","-"
"Rupa & Company Ltd","Apparel & Accessories","2080.36","29.81","-4.72","2.17","1.69","16.04","13.36","-","29.87","8.73"
"Everest Kanto Cylinder Ltd","Gas Distribution","2079.66","20.96","23.85","1.89","1.69","11.87","9.19","0.38","30.33","8.84"
"Nelco Ltd","Communication & Networking","2076.02","87.71","12.52","16.80","6.42","33.55","46.25","0.24","19.24","10.37"
"Alpex Solar Ltd","Renewable Energy Equipment & Services","2073.75","78.02","57.62","15.84","4.95","47.91","-","-","180.53","17.45"
"IFGL Refractories Ltd","Industrial Machinery","2071.18","25.36","-9.00","1.93","1.25","11.89","13.61","1.22","3.11","22.66"
"Apollo Pipes Ltd","Building Products - Pipes","2063.27","48.18","-23.49","3.59","2.08","20.67","16.55","-","-","10.88"
"Dolphin Offshore Enterprises (India) Ltd","Oil & Gas - Equipment & Services","2061.44","370.10","39.33","9.31","164.26","796.76","583.98","-","-13.58","0.31"
"Axiscades Technologies Ltd","Construction & Engineering","2055.40","62.66","-22.05","3.47","2.13","15.21","26.04","-","694.49","8.17"
"Cupid Ltd","FMCG - Personal Products","2052.92","51.50","-31.11","6.81","11.51","32.77","261.85","-","67.96","1.99"
"Madhya Bharat Agro Products Ltd","Fertilizers & Agro Chemicals","2038.38","82.06","-2.34","5.81","2.46","21.54","13.68","-","-80.00","2.83"
"IKIO Lighting Ltd","Electrical Components & Equipments","2037.89","33.65","-10.82","3.69","4.50","17.72","-","0.38","10.60","8.51"
"Pnb Gilts Ltd","Investment Banking & Brokerage","2035.91","29.34","3.76","1.53","1.29","211.43","-","0.88","189.88","3.86"
"Wonder Electricals Ltd","Home Electronics & Appliances","2029.62","199.96","39.62","23.10","3.56","84.75","-","-","61.11","7.57"
"Unicommerce eSolutions Ltd","Software Services","2023.99","154.74","-5.95","29.37","18.50","99.86","336.77","-","101.00","2.23"
"Fusion Finance Ltd","Consumer Finance","2023.54","4.00","-59.46","0.71","0.84","13.52","-","-","19.71","50.11"
"Cropster Agro Ltd","-","2014.32","189.14","81.23","34.40","33.12","181.29","-","-","198.85","8.47"
"Veranda Learning Solutions Ltd","Education Services","2007.64","-25.19","53.40","5.32","5.43","40.82","75.25","-","16.02","-12.95"
"Kiri Industries Ltd","Specialty Chemicals","2006.50","15.08","2.35","0.71","1.70","9.35","-","-","24.71","25.66"
"Saraswati Commercial (India) Ltd","Specialized Finance","2003.59","19.29","263.39","2.86","15.61","16.24","60.75","-","788.62","1008.61"
"PIX Transmissions Ltd","Industrial Machinery","2002.97","24.14","6.57","4.07","3.91","13.77","14.64","0.48","28.05","60.91"
"Uniparts India Ltd","Industrial Machinery","1999.44","16.04","-20.26","2.30","1.74","9.14","10.01","3.16","-39.50","27.78"
"Windlas Biotech Ltd","Pharmaceuticals","1997.76","34.34","73.41","4.44","3.10","19.61","18.33","0.57","39.70","27.89"
"Gocl Corporation Ltd","Commodity Chemicals","1994.80","41.34","-6.65","1.41","2.10","13.88","49.87","-","-77.15","9.73"
"Sanghi Industries Ltd","Cement","1987.82","-4.43","-17.30","1.79","1.88","-","-","-","-35.84","-17.37"
"Kotak Gold Etf","Gold","1984.14","-","9.74","-","-","-","-","0.00","-","-"
"Alicon Castalloy Ltd","Auto Parts","1983.29","32.32","32.86","3.57","1.27","11.57","12.60","-","19.35","38.09"
"Cosmo First Ltd","Packaging","1975.11","31.76","33.31","1.47","0.74","10.37","8.05","0.40","-74.02","23.69"
"Master Trust Ltd","Diversified Financials","1974.53","18.27","19.10","3.90","3.94","4.55","4.31","-","64.06","49.24"
"Som Distilleries and Breweries Ltd","Alcoholic Beverages","1972.50","22.80","-21.96","3.33","1.53","13.90","20.23","-","36.21","4.55"
"Tanfac Industries Ltd","Diversified Chemicals","1965.62","37.45","-9.32","8.53","5.10","23.95","57.42","0.36","-6.48","52.62"
"JITF Infralogistics Ltd","Shipbuilding","1952.58","55.11","19.43","65.13","0.58","8.49","7.94","-","127.76","13.78"
"Rama Steel Tubes Ltd","Building Products - Pipes","1952.11","67.04","-7.99","5.62","1.86","32.47","107.91","-","-1.29","0.20"
"Hester Biosciences Ltd","Biotechnology","1943.78","102.95","37.76","6.42","6.08","31.70","40.39","0.26","-29.05","22.19"
"Ceinsys Tech Ltd","IT Services & Consulting","1941.03","55.44","77.00","8.29","7.23","31.20","39.58","0.21","10.06","22.04"
"Expleo Solutions Ltd","Software Services","1939.19","21.44","-5.46","3.17","1.99","11.33","28.02","-","-32.45","58.27"
"Man Industries (India) Ltd","Building Products - Pipes","1939.14","18.44","-30.76","1.38","0.61","6.08","7.53","-","49.81","16.84"
"Jagran Prakashan Ltd","Publishing","1934.73","10.53","-11.51","0.89","0.96","4.85","6.52","5.62","1.66","8.44"
"Knowledge Marine & Engineering Works Ltd","Marine Transportation","1926.90","49.51","30.95","11.36","11.56","36.59","55.98","-","-20.19","36.03"
"Oriental Aromatics Ltd","Specialty Chemicals","1921.96","211.20","48.90","3.04","2.26","39.03","13.55","0.09","-53.90","2.70"
"Lotus Chocolate Company Ltd","FMCG - Foods","1920.19","-4571.87","272.91","52.14","13.23","6608.50","-","-","93.96","-0.33"
"Sangam (India) Ltd","Textiles","1919.02","47.01","-13.83","1.95","0.73","13.29","11.99","-","-70.97","8.57"
"Abans Holdings Ltd","Investment Banking & Brokerage","1914.43","23.42","-11.26","1.89","1.39","18.02","42.94","-","21.41","16.30"
"Talbros Automotive Components Ltd","Auto Parts","1912.65","17.39","4.87","3.56","2.25","10.79","28.65","-","97.86","5.94"
"Kody Technolab Ltd","Software Services","1912.10","391.02","266.52","51.54","82.28","252.65","-","-","-24.98","8.87"
"Andhra Paper Ltd","Paper Products","1906.97","5.61","-4.64","1.01","1.01","2.17","5.98","2.09","-34.97","17.09"
"HDFC Gold Exchange Traded Fund","Gold","1906.09","-","9.06","-","-","-","-","0.00","-","-"
"Andrew Yule & Co Ltd","Tea & Coffee","1905.44","-40.14","-11.03","4.95","5.47","-","35.07","-","-471.36","-0.96"
"ICICI Prudential Gold ETF","Gold","1905.05","-","9.82","-","-","-","-","0.00","-","-"
"Sterling Tools Ltd","Industrial Machinery","1904.24","34.39","47.22","4.26","2.03","16.71","18.74","0.38","15.64","15.37"
"Elpro International Ltd","Real Estate","1903.25","22.26","21.54","1.18","6.64","15.61","13.53","-","78.35","5.04"
"Cantabil Retail India Ltd","Apparel & Accessories","1902.10","30.57","4.80","5.83","3.05","13.04","15.01","0.18","-8.57","7.53"
"Nippon India ETF Nifty Next 50 Junior BeES","Equity","1901.11","-","13.20","-","-","-","-","0.00","-","-"
"Jaiprakash Associates Ltd","Conglomerates","1892.49","-1.41","-62.48","-0.72","0.27","133.04","1.62","-","0.14","-5.46"
"Excel Industries Ltd","Fertilizers & Agro Chemicals","1890.00","111.18","67.86","1.32","2.20","29.84","26.12","0.37","-78.74","13.52"
"BLS E-Services Ltd","IT Services & Consulting","1887.00","60.10","-31.26","4.31","6.10","32.67","96.03","-","2.14","3.99"
"Heranba Industries Ltd","Fertilizers & Agro Chemicals","1885.03","54.03","45.60","2.21","1.48","22.28","17.58","0.27","-66.57","8.72"
"Panacea Biotec Ltd","Biotechnology","1881.93","-1608.49","122.48","2.23","3.03","41.02","-","-","96.48","-0.19"
"Hariom Pipe Industries Ltd","Building Products - Pipes","1874.45","33.00","-1.52","4.03","1.62","15.39","377.91","-","-2.96","20.12"
"Shriram Properties Ltd","Real Estate","1870.82","24.79","-11.15","1.46","1.89","11.52","8.46","-","14.16","4.44"
"Tribhovandas Bhimji Zaveri Ltd","Precious Metals Jewellery & Watches","1868.46","34.33","126.35","3.11","0.81","16.02","47.08","0.63","35.37","8.16"
"NDR Auto Components Ltd","Auto Parts","1864.41","48.16","88.48","7.35","3.04","27.73","68.02","0.24","37.76","16.27"
"D Link (India) Limited","Technology Hardware","1860.99","20.09","61.72","4.28","1.49","12.54","15.44","2.48","7.27","26.09"
"Seshasayee Paper and Boards Ltd","Paper Products","1860.83","6.87","-8.89","0.97","1.00","3.16","9.20","1.69","-31.59","42.93"
"Deccan Gold Mines Ltd","Mining - Diversified","1860.54","-29.17","-5.09","8.80","516.82","-","-","-","-1723.09","-4.65"
"Navkar Corporation Ltd","Logistics","1856.35","-1073.04","13.88","0.94","4.21","34.27","30.01","-","-101.87","-0.11"
"Sahasra Electronic Solutions Ltd","Electronic Equipments","1851.96","56.76","31.25","30.71","17.91","49.44","1949.44","0.66","1276.35","17.69"
"Syncom Formulations (India) Ltd","Pharmaceuticals","1840.52","72.69","41.88","6.39","6.65","41.06","-","-","20.95","0.27"
"Divgi TorqTransfer Systems Ltd","Industrial Machinery","1835.43","46.20","-27.37","3.16","6.72","21.61","56.54","0.43","-26.19","12.99"
"Salzer Electronics Ltd","Electrical Components & Equipments","1829.81","39.88","27.05","3.81","1.57","17.90","76.98","0.24","13.58","27.34"
"Satin Creditcare Network Ltd","Consumer Finance","1819.86","4.17","-34.37","0.76","0.81","13.98","-","-","7307.38","44.75"
"B L Kashyap and Sons Ltd","Construction & Engineering","1815.92","34.58","20.86","3.66","1.44","17.09","23.04","-","137.22","2.33"
"Wheels India Ltd","Auto Parts","1813.66","28.89","26.27","2.14","0.36","9.19","5.51","1.00","12.54","25.89"
"Matrimony.Com Ltd","Online Services","1808.79","36.50","39.40","6.21","3.56","15.56","29.56","0.62","7.67","22.26"
"TAJ GVK Hotels and Resorts Ltd","Hotels Resorts & Cruise Lines","1807.06","19.49","-22.78","3.30","4.40","13.96","14.60","0.52","-0.64","14.78"
"Praveg Ltd","Advertising","1799.14","138.40","-27.42","6.25","19.03","54.69","105.58","-","-60.37","5.72"
"G M Breweries Ltd","Alcoholic Beverages","1791.54","11.82","27.72","2.18","2.58","9.47","30.23","0.71","51.76","66.32"
"Mercury Ev-Tech Ltd","Commodities Trading","1787.07","893.54","23.02","35.66","79.32","526.62","-","-","-21.17","0.11"
"Kilburn Engineering Ltd","Industrial Machinery","1786.14","35.35","-1.31","7.02","5.36","22.94","68.78","0.47","-","12.08"
"Yatra Online Ltd","Online Services","1781.00","-394.90","-21.51","2.38","3.97","36.01","-","-","-149.30","-0.33"
"GNA Axles Ltd","Auto Parts","1776.69","17.77","0.17","2.22","1.18","9.80","18.05","0.48","-23.23","23.28"
"GKW Ltd","Logistics","1774.65","128.04","22.21","0.75","45.39","80.94","128.69","-","58.40","23.23"
"ASM Technologies Ltd","IT Services & Consulting","1764.66","-412.30","32.15","12.97","8.55","166.24","-","0.07","-141.17","-3.88"
"Capital India Finance Ltd","Diversified Financials","1762.24","151.39","81.36","2.67","2.52","74.99","14.62","-","128.00","1.50"
"Advait Infratech Ltd","Electrical Components & Equipment","1760.28","80.45","-1.97","23.51","8.31","45.54","-","0.09","287.94","21.45"
"MSP Steel & Power Ltd","Iron & Steel","1760.08","122.65","64.12","3.02","0.60","15.23","10.33","-","128.37","0.37"
"Jyoti Resins and Adhesives Ltd","Commodity Chemicals","1751.46","26.09","5.89","10.54","6.63","18.08","65.21","-","44.53","55.93"
"Eco Recycling Ltd","Business Support Services","1743.08","97.76","60.47","25.82","49.42","73.24","-","-","188.05","9.24"
"Reliance Industrial Infrastructure Ltd","Oil & Gas - Storage & Transportation","1733.93","130.27","-12.36","3.68","20.21","77.99","854.15","0.30","-24.20","8.81"
"Camlin Fine Sciences Ltd","Specialty Chemicals","1727.55","-18.62","-7.21","2.02","1.06","46.81","12.43","-","-272.26","-5.72"
"Jindal Drilling and Industries Ltd","Oil & Gas - Equipment & Services","1723.22","33.69","-23.51","1.27","2.67","11.05","-","0.08","-47.21","17.65"
"Brightcom Group Ltd","Advertising","1719.78","1.25","-43.39","0.32","0.23","0.45","5.99","1.17","14.51","6.79"
"VL E-Governance & IT Solutions Ltd","IT Services & Consulting","1717.26","-10.11","141.73","0.70","76.49","-","-","-","-2985.05","-16.04"
"Hind Rectifiers Ltd","Electrical Components & Equipments","1707.62","136.72","32.17","13.71","3.30","47.80","50.37","0.12","292.79","7.29"
"Bigbloc Construction Ltd","Building Products - Granite","1704.57","55.16","1.37","15.69","6.89","30.69","85.53","0.17","1.91","2.18"
"Fedders Holding Ltd","Investment Banking & Brokerage","1703.29","18.19","12.29","4.10","2.93","18.05","-","-","35.01","7.99"
"Sirca Paints India Ltd","Paints","1702.91","33.11","-3.19","5.52","5.35","21.77","52.56","0.48","11.56","9.38"
"Sportking India Ltd","Textiles","1701.09","24.18","25.42","1.89","0.71","10.54","-","0.38","199.68","5.35"
"Bombay Super Hybrid Seeds Ltd","Seeds","1700.93","76.55","-26.37","21.73","6.60","59.36","147.39","-","627.87","2.12"
"Suyog Telematics Ltd","Telecom Infrastructure","1700.66","26.87","31.35","5.70","9.76","14.78","23.63","-","35.53","59.87"
"SMC Global Securities Ltd","Investment Banking & Brokerage","1693.00","9.04","9.89","1.54","1.03","2.91","-","1.48","62.27","17.89"
"BCL Industries Ltd","FMCG - Foods","1692.76","18.75","-4.26","2.51","0.79","11.00","43.20","0.40","28.05","3.51"
"Wealth First Portfolio Managers Ltd","Diversified Financials","1692.44","39.64","111.86","14.31","25.27","30.24","109.12","0.44","208.97","40.08"
"Filatex India Ltd","Textiles","1692.30","15.29","-14.77","1.41","0.39","7.22","10.08","-","86.55","2.50"
"Renaissance Global Ltd","Precious Metals Jewellery & Watches","1690.38","23.36","52.99","1.47","0.80","12.39","-","-","147.08","7.60"
"GTPL Hathway Ltd","Cable & D2H","1689.76","15.79","-15.40","1.31","0.52","3.74","3.72","-","-6.09","9.52"
"I G Petrochemicals Ltd","Specialty Chemicals","1681.71","42.56","5.98","1.35","0.79","13.07","45.22","1.37","-80.25","12.83"
"India Power Corporation Ltd","Power Generation","1679.79","97.72","-1.15","1.65","2.42","21.04","19.84","-","8.45","0.18"
"Sat Industries Ltd","Commodities Trading","1672.87","6.49","26.47","2.32","2.15","4.19","-","0.20","502.34","22.81"
"Udaipur Cement Works Ltd","Cement","1664.24","27.10","-22.98","1.86","1.41","13.77","12.99","-","42.39","1.28"
"DEE Development Engineers Ltd","Iron & Steel","1662.82","63.44","-28.19","3.69","2.06","16.41","16.16","-","102.01","4.94"
"Atul Auto Ltd","Three Wheelers","1662.72","185.16","20.74","3.59","3.14","41.30","-","-","99.25","3.48"
"Alldigi Tech Ltd","IT Services & Consulting","1662.27","25.97","47.80","6.77","3.49","12.78","18.30","4.13","30.99","42.00"
"Suryoday Small Finance Bank Ltd","Private Banks","1660.54","7.69","-25.13","0.92","0.92","1.42","1.78","-","177.94","20.34"
"Amines and Plasticizers Ltd","Commodity Chemicals","1658.03","41.64","37.39","7.53","2.55","23.72","35.39","0.17","74.11","7.24"
"Allied Digital Services Ltd","IT Services & Consulting","1655.15","36.10","114.16","2.67","2.40","19.13","24.48","0.50","556.02","8.33"
"Roto Pumps Ltd","Industrial Machinery","1654.08","42.23","23.11","8.44","5.93","23.71","42.81","-","77.88","12.47"
"Balmer Lawrie Investments Ltd","Conglomerates","1653.25","9.84","8.59","0.83","0.67","4.66","6.15","-","175.35","13.76"
"Monte Carlo Fashions Ltd","Apparel & Accessories","1650.58","27.54","23.38","2.08","1.35","11.08","20.26","2.51","-54.77","28.91"
"Diffusion Engineers Ltd","Industrial Machinery","1649.45","53.80","116.92","8.64","5.75","35.37","42.19","0.08","-67.45","19.31"
"Rane (Madras) Ltd","Auto Parts","1647.59","545.56","19.64","6.44","0.73","51.55","13.72","-","-89.94","1.86"
"Beta Drugs Ltd","Pharmaceuticals","1647.13","45.21","28.80","10.48","5.54","26.62","53.25","-","18.63","37.89"
"Butterfly Gandhimathi Appliances Ltd","Home Electronics & Appliances","1643.85","222.74","7.12","5.63","1.76","51.33","44.61","-","-85.71","4.13"
"Associated Alcohols & Breweries Ltd","Alcoholic Beverages","1637.89","32.34","65.83","3.87","2.13","19.72","57.63","0.22","21.85","28.01"
"Bharat Wire Ropes Ltd","Iron & Steel","1632.16","16.97","-21.06","2.47","2.62","10.66","19.15","-","49.85","14.15"
"Kokuyo Camlin Ltd","Stationery","1630.24","37.19","15.80","5.50","1.98","20.67","86.53","0.31","79.38","4.37"
"GRP Ltd","Tires & Rubber","1627.60","71.89","87.25","9.76","3.52","34.82","60.26","0.31","62.53","42.45"
"Swelect Energy Systems Ltd","Electrical Components & Equipments","1626.91","26.24","-23.25","1.90","5.06","10.49","18.17","0.37","1019.13","40.90"
"Sadhana Nitro Chem Ltd","Specialty Chemicals","1624.66","398.20","-8.14","7.17","8.37","40.94","-","0.23","26.63","0.13"
"GPT Infraprojects Ltd","Construction & Engineering","1621.13","28.03","48.27","5.38","1.58","14.09","14.30","1.08","84.20","4.97"
"Vintage Coffee and Beverages Ltd","Tea & Coffee","1593.43","133.01","124.27","9.58","12.08","64.85","-","0.03","176.90","1.27"
"Bajaj Steel Industries Ltd","Industrial Machinery","1592.97","26.99","138.91","4.80","2.81","16.07","28.79","0.10","-12.58","113.50"
"Paushak Ltd","Specialty Chemicals","1582.53","29.12","1.13","3.88","6.98","16.95","28.24","0.39","0.65","176.34"
"Arman Financial Services Ltd","Consumer Finance","1579.14","9.10","-26.18","1.94","2.39","12.11","-","-","65.64","183.00"
"Irm Energy Ltd","Gas Distribution","1577.31","18.41","-33.46","1.65","1.73","7.42","13.11","0.39","13.44","24.02"
"Chemfab Alkalis Ltd","Commodity Chemicals","1572.71","59.75","76.26","4.06","4.68","24.71","50.17","0.11","-59.38","18.53"
"5Paisa Capital Ltd","Diversified Financials","1571.36","28.86","-9.44","2.91","3.98","3.31","-","-","21.36","17.61"
"Agarwal Industrial Corporation Ltd","Commodity Chemicals","1569.75","14.37","17.17","3.07","0.74","10.29","13.98","0.29","11.50","73.03"
"Dynacons Systems and Solutions Ltd","IT Services & Consulting","1566.89","29.11","-9.00","9.94","1.52","18.37","53.57","-","51.76","42.37"
"Kabra Extrusion Technik Ltd","Industrial Machinery","1564.68","46.28","18.28","3.46","2.54","22.51","48.50","0.67","-13.64","9.86"
"Southern Petrochemical Industries Corporation Ltd","Fertilizers & Agro Chemicals","1563.96","13.83","-3.09","1.45","0.77","7.43","6.88","1.95","-62.40","5.55"
"Steelcast Ltd","Iron & Steel","1563.14","20.84","16.93","5.80","3.79","12.77","22.97","0.93","6.32","37.05"
"Mufin Green Finance Ltd","Specialized Finance","1562.96","97.26","-25.95","6.40","15.88","82.95","-","-","84.53","0.69"
"India Nippon Electricals Ltd","Auto Parts","1555.90","26.24","-3.07","2.50","2.05","14.89","24.82","1.49","22.95","26.21"
"Zota Health Care Ltd","Pharmaceuticals","1553.98","-108.29","20.62","17.27","8.55","189.02","-","0.17","-144.93","-5.63"
"Walchandnagar Industries Ltd","Industrial Machinery","1552.51","-37.11","15.79","4.30","4.80","74.64","144.42","-","-277.10","-8.25"
"Dynamic Cables Ltd","Cables","1552.01","41.09","43.91","7.25","2.01","20.31","1231.75","0.07","21.76","17.16"
"Everest Industries Ltd","Building Products - Prefab Structures","1550.27","86.13","-16.43","2.59","0.97","23.86","8.49","0.25","-57.66","11.42"
"India Motor Parts & Accessories Ltd","Auto Parts","1548.14","20.94","21.40","0.75","1.99","15.75","57.70","2.18","-1.62","59.23"
"Peninsula Land Ltd","Real Estate","1544.51","11.99","-8.59","6.48","2.40","9.82","8.58","-","26.17","4.27"
"Sigachi Industries Ltd","Commodity Chemicals","1541.53","26.96","-32.46","3.50","3.75","18.64","119.59","0.21","259434883527532740.00","1.80"
"Mangalore Chemicals and Fertilisers Ltd","Fertilizers & Agro Chemicals","1539.99","9.95","12.84","1.64","0.40","5.39","3.10","-","14.96","13.06"
"Asian Energy Services Ltd","Oil & Gas - Exploration & Production","1534.29","60.24","20.63","5.52","4.63","31.71","-","-","109.69","1.14"
"Dhunseri Ventures Ltd","Specialty Chemicals","1534.26","10.02","25.37","0.52","2.61","5.77","-","1.14","-71.78","43.71"
"ULTRAMARINE & PIGMENTS Ltd","Commodity Chemicals","1533.15","26.62","29.07","1.70","2.68","14.84","19.64","0.95","-16.76","19.73"
"Mishtann Foods Ltd","FMCG - Foods","1523.74","4.40","-24.95","2.77","1.18","4.37","-","-","584.71","3.40"
"Automobile Corp Of Goa Ltd","Trucks & Buses","1523.68","39.71","20.23","6.96","2.55","27.54","25.00","0.80","37.87","63.02"
"Dcm Shriram Industries Ltd","Packaged Foods & Meats","1521.93","13.19","-6.97","1.87","0.72","8.03","19.86","1.14","91.81","13.26"
"Borosil Scientific Ltd","Health Care Equipment & Supplies","1517.72","64.45","8.97","4.03","3.79","30.02","50.59","-","-","2.65"
"Chaman Lal Setia Exports Ltd","Packaged Foods & Meats","1517.13","13.12","37.12","2.12","1.11","9.48","-","-","-1.73","22.35"
"Om Infra Ltd","Construction & Engineering","1507.25","31.90","8.16","1.96","1.31","13.33","24.67","0.32","266.56","4.91"
"Yamuna Syndicate Ltd","Commodities Trading","1506.09","12.12","102.48","1.27","7.91","11.52","-","0.82","37.02","4042.36"
"Forbes Precision Tools and Machine Parts Ltd","Industrial Machinery & Supplies & Components","1504.49","50.64","32.88","10.92","6.55","28.55","159.04","-","675.28","11.51"
"Kotak Nifty 50 ETF","Equity","1502.05","-","10.42","-","-","-","-","0.00","-","-"
"Hexa Tradex Ltd","Commodities Trading","1492.99","16.18","77.39","0.39","11.21","11.84","15.50","-","460.33","16.70"
"Arihant Superstructures Ltd","Real Estate","1491.64","21.55","0.61","4.61","2.92","17.58","-","0.33","62.18","16.82"
"JG Chemicals Ltd","Commodity Chemicals","1489.66","48.30","60.64","3.67","2.21","25.79","19.61","-","-49.79","8.70"
"Jaykay Enterprises Ltd","Investment Banking & Brokerage","1488.68","173.10","62.64","7.60","22.34","87.53","-","-","9.42","0.88"
"Himatsingka Seide Ltd","Textiles","1474.20","13.07","9.97","0.95","0.51","6.81","4.57","-","276.06","11.46"
"Yuken India Ltd","Industrial Machinery","1472.19","78.18","9.16","5.27","3.44","30.76","45.33","0.13","88.69","15.06"
"Madras Fertilizers Ltd","Fertilizers & Agro Chemicals","1469.08","264.22","0.65","-7.74","0.64","25.47","8.95","-","-97.00","0.34"
"Hi-Tech Gears Ltd","Auto Parts","1462.91","12.80","-32.87","3.14","1.23","7.21","12.46","-","394.59","60.87"
"Remus Pharmaceuticals Ltd","Pharmaceuticals","1462.28","67.89","43.63","14.02","6.71","44.01","406.19","-","-","36.56"
"Z F Steering Gear (India) Ltd","Auto Parts","1456.76","33.35","51.94","3.18","2.84","17.58","41.74","0.50","78.03","48.15"
"Radhika Jeweltech Ltd","Precious Metals Jewellery & Watches","1451.75","29.31","91.64","5.48","2.66","20.93","-","1.63","733.84","7.00"
"Ramco Systems Ltd","IT Services & Consulting","1450.99","-6.00","2.20","4.61","2.74","-","13.98","-","-9.34","-68.49"
"Vertoz Ltd","Advertising","1449.76","91.82","-60.34","9.14","9.24","62.45","203.05","-","-36.59","0.29"
"Panorama Studios International Ltd","Movies & TV Serials","1448.09","38.01","0.84","10.17","3.26","22.55","-","0.09","-1.26","5.91"
"Eimco Elecon (India) Ltd","Industrial Machinery","1447.20","37.54","17.98","3.75","5.93","25.37","124.87","0.20","97.39","66.83"
"Allcargo Gati Ltd","Logistics","1445.34","99.47","-7.08","2.06","0.83","17.58","19.91","-","252.19","1.12"
"Solex Energy Ltd","Industrial Machinery","1443.59","165.36","49.56","31.22","3.92","50.07","844.21","0.03","220.96","8.73"
"Fairchem Organics Ltd","Specialty Chemicals","1437.12","35.48","-17.80","4.96","2.31","21.21","19.30","0.68","-6.94","31.10"
"Oriental Rail Infrastructure Ltd","Rail","1416.94","47.20","-22.23","4.94","2.68","22.86","245.14","-","776.68","5.20"
"Likhitha Infrastructure Ltd","Construction & Engineering","1413.69","21.61","14.97","4.55","3.31","13.41","68.73","-","64.84","16.58"
"Vardhman Holdings Ltd","Diversified Financials","1412.14","7.64","44.95","0.43","7.11","7.25","-","0.11","-19.07","579.12"
"Punjab Chemicals and Crop Protection Ltd","Diversified Chemicals","1410.83","26.33","4.59","4.27","1.51","13.07","47.20","0.26","-12.31","43.70"
"Western Carriers (India) Ltd","Logistics","1390.87","17.31","-14.44","3.49","0.82","10.75","1879.56","-","12.30","10.21"
"One Point One Solutions Ltd","Outsourced services","1381.78","64.60","20.71","9.89","7.89","25.05","51.39","-","127.62","1.07"
"Texmaco Infrastructure & Holdings Ltd","Real Estate","1381.18","257.68","12.20","0.93","53.41","178.34","399.18","0.14","72.35","0.42"
"Kopran Ltd","Pharmaceuticals","1379.31","27.07","9.47","2.81","2.19","16.45","31.88","1.05","87.04","10.57"
"Rhetan TMT Ltd","Steel","1373.81","355.91","75.74","15.43","21.06","185.48","94.68","-","31250.23","0.05"
"Steel Exchange India Ltd","Iron & Steel","1370.09","125.93","-18.58","2.07","1.25","17.43","9.95","-","115.87","0.10"
"Kellton Tech Solutions Ltd","IT Services & Consulting","1364.43","21.31","40.28","3.08","1.39","14.05","24.28","-","150.26","6.60"
"Centrum Capital Ltd","Diversified Financials","1362.59","-13.72","-12.60","0.72","0.61","-","11.37","-","33.67","-2.39"
"Gulshan Polyols Ltd","Specialty Chemicals","1356.80","76.44","4.97","2.30","0.98","23.96","20.47","0.14","-60.71","2.85"
"Simplex Infrastructures Ltd","Construction & Engineering","1355.77","-18.76","59.77","5.81","0.96","185.09","-","-","84.65","-12.62"
"VLS Finance Ltd","Investment Banking & Brokerage","1349.19","4.16","54.63","0.45","3.23","3.33","6.94","-","511.24","92.31"
"Krishana Phoschem Ltd","Fertilizers & Agro Chemicals","1346.79","33.30","-5.93","5.14","1.46","12.49","-","-","48.10","6.54"
"Popular Vehicles and Services Ltd","Four Wheelers","1346.57","17.70","-20.82","2.06","0.24","7.53","16.85","-","11.19","11.36"
"BMW Industries Ltd","Iron & Steel","1346.47","21.12","-0.88","2.03","2.23","9.59","5.02","0.72","17.04","2.83"
"Dhunseri Investments Ltd","Asset Management","1345.71","27.55","74.48","0.39","2.38","12.22","10.08","0.11","-83.31","80.12"
"Shree Digvijay Cement Co Ltd","Cement","1342.43","15.29","-19.97","3.52","1.68","8.57","14.03","3.29","49.39","6.00"
"Spacenet Enterprises India Ltd","Online Services","1342.19","128.69","-16.27","12.23","10.44","118.93","-","-","280.75","0.19"
"Best Agrolife Ltd","Diversified Chemicals","1340.30","12.61","-5.93","2.07","0.71","8.44","37.72","-","-44.69","44.95"
"Bliss GVS Pharma Ltd","Pharmaceuticals","1335.44","17.69","11.20","1.33","1.67","8.36","8.76","0.39","5.97","7.23"
"Ester Industries Ltd","Commodity Chemicals","1335.39","-11.03","21.94","1.86","1.22","565.23","30.50","-","-183.15","-13.65"
"AMIC Forging Ltd","Steel","1331.29","96.19","89.73","20.61","10.28","66.62","-","-","10.97","15.20"
"Crest Ventures Ltd","Asset Management","1330.89","22.13","23.37","1.17","7.18","16.78","-","0.21","-84.80","21.24"
"GPT Healthcare Ltd","Hospitals & Diagnostic Centres","1328.80","27.82","-4.18","6.08","3.28","14.38","19.31","2.16","20.80","5.90"
"Andhra Sugars Ltd","Commodity Chemicals","1328.79","17.69","-7.51","0.79","0.68","7.63","9.38","-","-59.61","5.54"
"Munjal Auto Industries Ltd","Auto Parts","1322.40","34.37","56.59","3.22","0.69","9.87","10.40","-","-31.46","3.85"
"Kaycee Industries Ltd","Electrical Components & Equipments","1322.25","293.83","651.96","55.49","26.74","177.92","214.30","0.05","28.21","14.18"
"Fratelli Vineyards Ltd","-","1320.84","13208.41","104.97","49.23","5.36","306.03","1809.37","-","103.80","0.12"
"Kamdhenu Ltd","Iron & Steel","1317.15","26.27","-12.05","5.55","1.78","16.35","12.90","0.41","22.18","18.61"
"Industrial and Prudential Investment Co Ltd","Investment Banking & Brokerage","1315.01","26.59","45.23","1.71","25.77","26.16","95.36","1.15","10.62","295.14"
"Polo Queen Industrial and Fintech Ltd","FMCG - Household Products","1312.78","455.83","-25.52","6.97","18.38","230.74","298.36","-","21.52","0.09"
"GRM Overseas Ltd","Packaged Foods & Meats","1311.00","21.93","51.74","3.94","0.97","16.19","27.82","-","-4.63","9.96"
"Lincoln Pharmaceuticals Ltd","Pharmaceuticals","1309.24","14.03","8.99","2.21","2.13","8.62","20.71","0.28","28.03","46.59"
"Essen Speciality Films Ltd","Plastic Products","1309.22","91.88","238.33","9.15","9.05","49.01","-","-","-12.56","7.77"
"Rishabh Instruments Ltd","Electrical Components & Equipments","1301.55","32.80","-23.05","2.31","1.86","14.50","17.12","-","-26.48","11.76"
"Prakash Pipes Ltd","Building Products - Pipes","1297.45","14.47","41.67","3.55","1.89","8.76","10.84","0.33","25.74","37.48"
"Pakka Limited","Paper Products","1296.86","29.88","5.12","5.16","3.14","15.58","27.62","-","-10.53","11.24"
"Subex Ltd","Software Services","1296.33","-6.76","-25.75","3.89","4.10","-","-","-","-274.40","-3.41"
"Mukka Proteins Ltd","Packaged Foods & Meats","1292.70","18.45","18.71","3.17","0.92","12.36","-","-","34.53","2.69"
"Capital Small Finance Bank Ltd","Private Banks","1291.01","11.57","-15.76","1.08","1.50","-","11.43","0.42","2.64","28.13"
"KMC Speciality Hospitals (India) Ltd","Hospitals & Diagnostic Centres","1289.68","42.45","-14.02","8.98","7.14","26.26","33.57","-","13.83","1.86"
"SPML Infra Ltd","Construction & Engineering","1287.83","-184.77","75.00","2.78","0.57","27.20","2.17","-","-1680.96","-1.35"
"Control Print Ltd","Electronic Equipments","1283.14","23.55","-14.44","3.83","3.53","13.66","25.79","1.12","4.16","33.71"
"Tourism Finance Corporation of India Ltd","Specialized Finance","1281.43","14.07","-23.90","1.18","5.29","19.35","-","1.76","3.58","10.08"
"Rico Auto Industries Ltd","Auto Parts","1280.20","33.39","-32.24","1.77","0.59","8.33","5.18","0.63","-21.74","2.83"
"Asian Star Co Ltd","Precious Metals Jewellery & Watches","1277.02","16.54","1.05","0.85","0.36","11.03","-","-","-6.56","48.24"
"Sree Rayalaseema Hi-Strength Hypo Ltd","Commodity Chemicals","1276.72","16.17","36.20","1.59","1.44","7.84","9.14","-","-48.81","46.00"
"Raj Rayon Industries Ltd","Textiles","1272.87","315.07","0.18","11.76","1.70","43.71","-","-","116.37","0.07"
"Ice Make Refrigeration Ltd","Electrical Components & Equipments","1272.00","48.48","54.77","12.22","3.36","31.18","122.54","-","25.78","16.63"
"Indo Amines Ltd","Specialty Chemicals","1271.07","29.85","30.85","4.82","1.32","15.34","18.24","-","5.29","6.02"
"Khazanchi Jewellers Ltd","Apparel Accessories & Luxury Goods","1269.52","46.45","51.42","6.76","1.55","31.67","-","-","107.06","15.76"
"Dhampur Sugar Mills Ltd","Sugar","1266.82","9.43","-15.36","1.15","0.58","7.44","-","-","-8.52","20.39"
"Cellecor Gadgets Ltd","Home Electronics & Appliances","1265.41","78.60","139.91","14.07","2.53","45.05","-","-","270.04","0.25"
"TV Today Network Limited","TV Channels & Broadcasters","1262.11","22.39","-7.25","1.46","1.28","8.59","83.53","4.02","-36.11","9.45"
"Enkei Wheels (India) Ltd","Auto Parts","1259.59","107.75","10.71","5.40","1.74","20.50","21.53","-","215.95","6.50"
"Kothari Petrochemicals Ltd","Commodity Chemicals","1259.49","19.74","55.68","5.11","2.06","11.39","17.61","0.82","62.77","10.84"
"Veefin Solutions Ltd","Application Software","1259.46","169.97","87.42","9.97","50.40","112.80","177.39","-","39.44","3.62"
"Shiva Cement Ltd","Cement","1255.52","-18.38","-0.19","-15.19","3.60","62.99","4.97","-","15.09","-3.27"
"Vascon Engineers Ltd","Construction & Engineering","1255.28","18.76","-25.23","1.26","1.17","12.69","-","0.44","-32.00","3.05"
"Century Enka Ltd","Textiles","1254.01","29.33","29.04","0.92","0.71","9.09","14.24","1.74","-52.67","19.56"
"Aurum Proptech Ltd","IT Services & Consulting","1253.76","-22.49","35.12","6.67","5.38","74.09","62.04","-","-48.94","-7.76"
"Jagsonpal Pharmaceuticals Ltd","Pharmaceuticals","1253.65","55.82","45.38","6.69","5.75","34.47","35.65","1.05","-16.29","8.53"
"Heubach Colorants India Ltd","Specialty Chemicals","1252.65","30.45","30.98","2.65","1.57","14.44","13.25","-","114.49","17.82"
"Zee Media Corporation Ltd","TV Channels & Broadcasters","1249.61","-12.70","80.00","4.32","1.86","-","16.24","-","-43.07","-1.57"
"Aaswa Trading and Exports Ltd","Real Estate Services","1248.21","61.49","15.58","6.53","15.99","36.02","1621.06","-","65.89","18.66"
"Tamilnadu Newsprint & Papers Ltd","Paper Products","1247.45","5.99","-31.95","0.60","0.25","3.58","2.97","-","-46.33","30.01"
"Hardwyn India Ltd","Building Products - Glass","1242.72","121.36","14.53","3.29","8.10","73.64","-","-","16.60","0.29"
"AFCOM Holdings Ltd","-","1235.80","48.54","130.75","11.97","8.34","34.42","-","-","63.64","14.29"
"Avadh Sugar & Energy Ltd","Sugar","1231.03","9.61","5.42","1.20","0.46","7.63","-","1.63","27.83","64.00"
"Saurashtra Cement Ltd","Cement","1229.76","21.73","-5.05","1.33","0.68","7.35","7.93","1.80","294.93","6.75"
"Orient Technologies Ltd","IT Services & Consulting","1226.97","29.61","-2.56","7.00","2.02","19.45","55.05","-","6.95","11.70"
"Beekay Steel Industries Ltd","Iron & Steel","1225.47","9.40","-0.17","1.30","1.17","7.27","9.48","0.16","24.17","68.29"
"Timex Group India Ltd","Precious Metals Jewellery & Watches","1224.52","58.76","-11.04","14.73","2.90","34.93","37.81","-","-55.20","2.06"
"AVT Natural Products Ltd","Agro Products","1224.52","22.98","-8.99","2.61","2.31","12.11","12.43","0.99","-31.15","3.50"
"Vimta Labs Ltd","Labs & Life Sciences Services","1224.51","29.86","15.30","3.83","3.80","13.41","20.11","0.36","-14.97","18.51"
"Maan Aluminium Ltd","Metals - Aluminium","1221.78","37.32","49.60","7.49","1.25","23.87","36.50","-","-12.63","4.04"
"Dwarikesh Sugar Industries Ltd","Sugar","1220.77","14.62","-10.31","1.48","0.71","7.58","91.31","-","-20.26","4.44"
"Xchanging Solutions Ltd","IT Services & Consulting","1219.65","89.03","-10.11","3.45","6.21","14.83","-","17.35","-69.49","1.23"
"Electrotherm (India) Ltd","Iron & Steel","1216.94","3.83","31.74","-1.56","0.28","6.90","3.46","-","2784.69","249.03"
"Kirloskar Electric Company Ltd","Heavy Electrical Equipments","1212.85","86.14","52.18","14.73","2.15","29.28","33.25","-","-54.70","2.12"
"Oswal Greentech Ltd","Real Estate","1210.60","190.05","36.05","0.49","13.29","49.23","-","-","-83.18","0.25"
"Kernex Microsystems (India) Ltd","Software Services","1210.53","-45.85","34.29","11.40","57.89","-","-","-","-15.65","-16.39"
"Ngl Fine Chem Ltd","Pharmaceuticals","1203.05","29.12","-21.39","4.58","3.41","17.41","58.77","0.09","101.56","66.88"
"Arrow Greentech Ltd","Packaging","1202.66","40.75","83.12","9.34","7.96","24.11","65.43","0.25","132.35","19.56"
"Sandesh Ltd","Publishing","1202.29","6.38","29.63","0.95","2.46","1.89","7.81","0.31","85.94","249.13"
"Uttam Sugar Mills Ltd","Sugar","1200.02","9.08","-5.28","1.72","0.58","7.12","35.98","0.79","6.94","34.67"
"Aym Syntex Ltd","Textiles","1197.05","589.68","151.02","2.82","0.88","14.83","18.81","-","-71.73","0.40"
"Signpost India Ltd","Advertising","1197.01","27.14","-31.40","6.22","3.02","14.30","18.83","0.22","24.64","8.25"
"GFL Ltd","Specialty Chemicals","1189.68","-157.16","29.86","0.46","318.10","-","3304.65","-","-100.34","-0.69"
"Shankara Building Products Ltd","Building Products - Pipes","1188.82","14.65","-29.74","1.49","0.25","7.94","122.31","0.61","24.85","34.45"
"Selan Exploration Technology Ltd","Oil & Gas - Exploration & Production","1188.11","36.29","22.38","3.02","6.72","12.91","16.58","-","6.16","21.54"
"Windsor Machines Ltd","Industrial Machinery","1180.07","-153.46","104.09","4.25","3.31","48.16","25.42","0.28","-265.02","-1.18"
"Ksolves India Ltd","IT Services & Consulting","1175.64","34.42","-10.55","49.31","10.79","24.71","35.37","1.97","38.19","28.81"
"3B Blackbio DX Ltd","Fertilizers & Agricultural Chemicals","1168.27","36.39","82.05","5.18","13.48","24.38","43.35","-","15.96","37.40"
"Max India Ltd","Hospitals & Diagnostic Centres","1166.91","-20.69","15.51","2.37","5.96","-","-","-","-510.16","-13.08"
"Manoj Vaibhav Gems N Jewellers Ltd","Precious Metals Jewellery & Watches","1165.99","14.41","-6.17","1.89","0.54","8.74","19.59","-","0.50","18.41"
"Snowman Logistics Ltd","Logistics","1165.61","91.71","0.23","2.79","2.28","12.92","13.27","1.43","-5.08","0.76"
"HLV Ltd","Hotels Resorts & Cruise Lines","1164.25","48.92","-37.93","2.63","5.57","26.70","48.88","-","211.11","0.36"
"R K Swamy Ltd","Advertising","1161.94","29.25","-18.70","4.81","3.46","13.56","103.93","0.87","14.18","8.37"
"AGI Infra Ltd","Real Estate","1159.43","22.26","3.23","5.16","3.85","14.08","18.86","-","8.27","42.64"
"Macpower CNC Machines Ltd","Industrial Machinery","1157.43","47.73","0.39","9.72","4.77","31.02","69.72","0.13","88.09","24.24"
"Last Mile Enterprises Ltd","Real Estate Development","1155.91","471.80","-52.40","10.87","8.31","199.43","-","0.04","-56.15","1.71"
"Trident Techlabs Ltd","IT Services & Consulting","1151.18","122.99","161.24","24.72","15.77","70.17","-","-","8.22","4.30"
"Mafatlal Industries Ltd","Textiles","1148.06","11.63","27.49","1.41","0.54","8.80","7.23","-","689.47","13.90"
"Bajaj Healthcare Ltd","Pharmaceuticals","1146.95","-13.69","13.89","4.12","2.38","-","12.43","-","-294.72","-30.36"
"Manali Petrochemicals Ltd","Specialty Chemicals","1145.17","59.61","-14.91","1.08","1.07","10.54","18.18","1.13","-62.07","1.12"
"Emkay Taps and Cutting Tools Ltd","Industrial Machinery","1140.76","15.87","56.06","3.82","7.62","12.30","45.76","-","62.91","67.37"
"Finkurve Financial Services Ltd","Diversified Financials","1139.44","70.86","28.77","6.04","12.62","55.58","-","-","12.37","1.27"
"Creative Newtech Ltd","Technology Hardware","1138.48","25.84","4.06","5.08","0.65","17.38","-","0.06","64.93","32.99"
"Gala Precision Engineering Ltd","Industrial Machinery","1132.13","50.70","18.01","10.84","5.53","30.56","72.34","-","-7.88","22.10"
"Arihant Capital Markets Ltd","Diversified Financials","1131.71","16.05","77.91","3.51","4.76","8.68","-","-","626.20","6.77"
"Uniphos Enterprises Ltd","Fertilizers & Agro Chemicals","1129.91","29.26","11.24","0.54","12.08","27.21","-","3.51","-1.53","5.55"
"Kross Ltd","Auto Parts","1129.24","25.17","-32.62","7.69","1.82","15.08","132.85","-","45.07","8.30"
"Credo Brands Marketing Ltd","Men's Clothing","1128.64","19.07","-7.93","3.30","1.78","8.35","20.06","0.29","-74.70","15.31"
"GIC Housing Finance Ltd","Home Financing","1122.69","7.42","-4.19","0.61","1.05","44.10","2.15","2.16","-29.03","28.10"
"Investment Trust of India Ltd","Investment Banking & Brokerage","1121.64","60.43","44.97","1.63","3.60","24.94","-","-","60.28","3.55"
"Valiant Organics Ltd","Commodity Chemicals","1121.62","-133.68","-3.59","1.54","1.53","32.22","13.35","-","-109.45","-3.07"
"Jagatjit Industries Ltd","Alcoholic Beverages","1120.91","147.68","34.38","14.73","1.92","31.35","36.90","-","5.71","1.63"
"Cosmic CRF Ltd","Steel","1119.76","87.82","30.46","5.33","4.41","47.31","-","-","35.47","19.18"
"Kuantum Papers Ltd","Paper Products","1114.71","6.06","-17.45","0.99","0.92","4.57","3.74","2.35","35.02","21.06"
"Taneja Aerospace and Aviation Ltd","Aerospace & Defense Equipments","1113.10","100.01","-8.55","8.53","36.07","56.22","79.22","0.92","0.22","4.41"
"Wardwizard Innovations & Mobility Ltd","Two Wheelers","1108.47","82.48","-35.34","10.95","3.45","37.31","-","-","51.69","0.52"
"SAR Televenture Ltd","Telecom Infrastructure","1105.36","70.58","54.11","15.39","8.90","72.40","-","-","-82.36","17.33"
"Automotive Stampings and Assemblies Ltd","Auto Parts","1101.15","54.57","-17.41","-149.41","1.25","23.28","35.38","-","142.26","12.72"
"IIRM Holdings India Ltd","-","1099.51","48.56","539.52","9.83","6.11","23.95","-","-","-","3.32"
"Benares Hotels Ltd","Hotels Resorts & Cruise Lines","1097.47","30.46","-8.42","8.25","8.86","19.33","27.06","0.30","54.11","277.15"
"Ashika Credit Capital Ltd","Investment Banking & Brokerage","1096.60","102.29","534.78","16.11","59.12","87.59","-","-","258.48","0.33"
"Satia Industries Ltd","Paper Products","1096.00","5.19","-7.16","1.18","0.63","3.21","3.03","-","9.89","21.12"
"Prime Securities Ltd","Investment Banking & Brokerage","1094.50","58.97","86.06","6.95","16.42","43.34","83.23","0.30","60.67","5.65"
"Saint-Gobain Sekurit India Ltd","Auto Parts","1093.72","35.02","-4.49","5.51","5.19","19.86","36.85","1.67","8.20","3.43"
"Sahana System Ltd","IT Services & Consulting","1089.25","59.85","55.16","19.32","15.72","45.82","31.74","-","141.09","26.21"
"Kotyark Industries Ltd","Oil & Gas - Refining & Marketing","1084.76","48.84","-9.12","7.53","3.99","25.27","-","0.71","42.30","23.36"
"New Delhi Television Ltd","TV Channels & Broadcasters","1081.76","-53.50","-23.99","3.78","2.75","-","-","-","-141.49","-3.14"
"IST Ltd","Industrial Machinery","1078.87","8.56","-4.37","0.82","5.25","5.80","200.16","-","54.20","108.05"
"Vantage Knowledge Academy Ltd","Publishing","1075.11","767.93","329.22","75.34","227.30","551.44","-","-","268.22","0.20"
"TGV SRAAC Ltd","Commodity Chemicals","1072.18","17.66","1.64","0.98","0.67","7.03","6.53","-","-83.21","5.66"
"AGS Transact Technologies Ltd","Business Support Services","1069.20","-13.35","14.80","2.32","0.71","8.79","3.06","-","-316.01","-6.63"
"Indo Rama Synthetics (India) Ltd","Textiles","1062.21","-5.22","-11.08","2.89","0.26","-","-","-","-728.34","-7.79"
"Dharmaj Crop Guard Ltd","Fertilizers & Agro Chemicals","1061.74","23.93","31.06","2.95","1.61","17.64","143.67","-","42.86","13.13"
"Aptech Ltd","Education Services","1060.82","36.52","-27.39","4.08","2.34","20.18","-","-","-57.12","5.01"
"20 Microns Ltd","Specialty Chemicals","1060.01","18.90","98.02","2.99","1.36","10.41","19.47","0.42","34.10","15.89"
"Tuticorin Alkali Chemicals and Fertilizers Ltd","Commodity Chemicals","1057.66","15.19","-6.27","13.36","3.28","14.43","81.93","-","-31.18","5.72"
"Magadh Sugar & Energy Ltd","Sugar","1056.24","9.07","28.61","1.42","0.96","7.88","34.00","2.00","131.55","82.60"
"City Pulse Multiplex Ltd","Movies & Entertainment","1055.37","7538.33","652.59","11.73","917.71","2402.38","2706.07","-","-","0.42"
"Sika Interplant Systems Ltd","Aerospace & Defense Equipments","1054.96","54.49","28.54","10.20","9.37","38.90","53.47","0.40","120.50","45.66"
"Vilas Transcore Ltd","Heavy Electrical Equipments","1054.11","45.69","90.74","6.61","3.36","27.75","21.44","-","14.15","12.82"
"Zuari Industries Ltd","Conglomerates","1053.66","1.48","0.88","0.26","0.55","2.36","14.74","-","128.48","239.65"
"Elin Electronics Ltd","Electronic Equipments","1049.40","75.66","21.87","2.09","1.00","19.45","24.59","-","-52.07","2.89"
"NACL Industries Ltd","Fertilizers & Agro Chemicals","1047.96","-17.80","-18.39","2.05","0.59","66.43","20.79","-","-161.94","-2.96"
"Pudumjee Paper Products Ltd","Paper Products","1047.87","10.68","64.84","2.13","1.31","6.27","7.89","0.54","65.17","10.33"
"Ganesh Benzoplast Ltd","Specialty Chemicals","1039.74","16.92","-19.40","2.05","2.12","9.20","12.48","-","3.72","8.96"
"Ritco Logistics Ltd","Logistics","1038.03","31.46","38.12","5.67","1.11","16.33","70.18","-","35.15","13.48"
"Sical Logistics Ltd","Logistics","1037.13","-36.66","-22.73","6.67","3.75","24.39","129.80","-","96.78","-4.34"
"CFF Fluid Control Ltd","Aerospace & Defense","1033.39","60.50","11.50","8.21","9.66","33.63","-","-","42.63","10.12"
"Vasa Denticity Ltd","Hospitals & Diagnostic Centres","1032.97","68.50","19.24","15.11","5.96","49.14","-","-","-","9.42"
"STEL Holdings Ltd","Asset Management","1028.98","77.54","73.61","0.68","55.74","56.09","85.53","-","8.24","7.19"
"NINtec Systems Ltd","Software Services","1027.44","66.16","20.48","29.39","12.13","46.46","103.57","-","-","8.36"
"Algoquant Fintech Ltd","Investment Banking & Brokerage","1024.39","102.95","2.00","23.14","15.77","89.67","-","-","390.09","12.38"
"Nelcast Ltd","Iron & Steel","1024.09","18.83","-22.58","1.96","0.79","10.22","53.48","0.34","82.98","6.25"
"Vashu Bhagnani Industries Ltd","-","1023.12","126.62","11.78","13.05","17.54","87.55","3653.99","-","166.18","2.40"
"Krystal Integrated Services Ltd","Business Support Services","1022.33","29.79","-4.51","2.72","0.99","12.09","450.36","0.21","15.34","26.92"
"Morganite Crucible (India) Ltd","Industrial Machinery","1020.77","43.47","31.99","7.95","5.87","23.50","23.66","2.19","45.57","41.93"
"Australian Premium Solar (India) Ltd","Photovoltaic Solar Systems & Equipment","1019.87","165.83","70.82","21.21","6.72","99.78","403.11","-","57.62","3.59"
"Faze Three Ltd","Textiles","1015.44","21.80","6.87","2.67","1.77","10.53","27.44","-","-20.09","19.16"
"Shree Tirupati Balajee FIBC Ltd","Packaging","1010.98","71.70","101.62","13.04","6.18","42.60","-","-","57.02","13.92"
"Urja Global Ltd","Renewable Energy Equipment & Services","1004.14","492.23","-14.11","5.33","21.85","253.04","-","-","34.21","0.04"
"Shalimar Paints Ltd","Specialty Chemicals","1002.53","-13.58","-29.18","2.55","1.85","-","56.70","-","-89.23","-9.47"
"Shree Ganesh Remedies Ltd","Pharmaceuticals","1002.21","35.65","23.68","8.21","7.77","22.68","32.91","0.06","-","21.88"
"Indo Thai Securities Ltd","Investment Banking & Brokerage","1000.00","62.77","183.93","13.32","31.11","47.01","-","0.16","345.08","15.93"
"Deep Energy Resources Ltd","Oil & Gas - Equipment & Services","999.20","9.58","69.98","0.80","2.45","5.69","5.54","1.56","2391.04","21.72"
"Voith Paper Fabrics India Ltd","Textiles","994.63","27.40","12.10","2.85","5.12","13.69","37.88","0.35","14.28","82.67"
"Nahar Spinning Mills Ltd","Textiles","988.19","-19.34","-6.15","0.67","0.32","21.97","-","0.37","-146.11","-14.15"
"Foods and Inns Ltd","FMCG - Foods","985.56","26.84","-21.63","2.47","0.96","10.84","-","0.17","-27.20","6.82"
"Aditya Birla Money Ltd","Investment Banking & Brokerage","982.19","18.54","35.52","6.04","2.49","19.32","-","-","56.10","9.38"
"Vinyas Innovative Technologies Ltd","Electronic Equipments","974.18","63.42","6.04","7.60","3.04","28.57","-","-","-4.07","18.82"
"Swiss Military Consumer Goods Ltd","Investment Banking & Brokerage","973.38","116.85","79.80","13.33","5.03","83.00","-","-","41.94","0.40"
"Bodal Chemicals Ltd","Commodity Chemicals","971.41","150.14","-3.65","0.90","0.68","15.31","4.76","-","-83.21","0.51"
"Anuh Pharma Ltd","Pharmaceuticals","969.67","16.14","-18.23","3.33","1.47","10.33","74.99","1.29","66.00","11.99"
"Concord Control Systems Ltd","Electrical Components & Equipment","969.50","74.29","122.62","20.89","14.55","51.89","163.22","-","102.96","22.32"
"RDB Realty & Infrastructure Ltd","Real Estate","968.91","360.19","281.79","25.89","14.28","283.41","-","-","-1.50","1.54"
"Infobeans Technologies Ltd","Software Services","963.91","42.90","1.64","3.26","2.51","13.14","22.14","0.25","-37.68","9.26"
"Sunshine Capital Ltd","-","962.17","-20.38","-50.93","17.38","12.96","-","-","-","-2737.43","-0.45"
"RACL Geartech Ltd","Auto Parts","961.66","24.41","-31.50","4.70","2.32","12.30","27.35","0.17","5.32","36.54"
"Linc Ltd","Stationery","960.90","28.08","9.47","4.67","1.85","15.29","25.28","0.77","-","23.01"
"BEML Land Assets Ltd","Real Estate","960.16","-257.41","-10.67","197.97","48007.78","-","2000.32","-","-196.10","-0.90"
"Jay Bharat Maruti Ltd","Auto Parts","958.23","29.74","-24.02","1.78","0.42","8.14","5.10","0.79","-14.99","2.98"
"Giriraj Civil Developers Ltd","Construction & Engineering","956.70","94.44","-17.54","15.86","5.44","55.21","-","-","71.65","4.23"
"Sutlej Textiles and Industries Ltd","Textiles","954.14","-7.04","-4.84","0.99","0.35","-","4.30","-","-463.63","-8.27"
"Danlaw Technologies India Ltd","IT Services & Consulting","954.02","42.94","11.07","16.49","4.52","26.18","40.27","-","206.48","45.62"
"Sastasundar Ventures Ltd","Diversified Financials","952.41","107.25","-5.04","0.95","0.66","-","24.95","-","112.29","2.79"
"Allcargo Terminals Ltd","Logistics","951.82","21.44","-35.05","3.80","1.27","9.86","9.59","-","-100.00","3.61"
"Krishna Defence & Allied Industries Ltd","Industrial Machinery","950.53","96.99","56.04","8.93","8.83","53.71","-","-","68.95","7.79"
"PNGS Gargi Fashion Jewellery Ltd","Apparel Retail","950.33","112.20","49.37","32.72","18.60","80.38","-","-","-9.05","8.80"
"Ratnaveer Precision Engineering Ltd","Industrial Machinery","949.51","30.58","36.03","3.75","1.58","19.23","76.88","-","22.69","8.90"
"Oswal Agro Mills Ltd","Real Estate","947.83","206.95","57.96","1.13","75.28","194.90","-","-","-80.81","0.34"
"Asian Granito India Ltd","Building Products - Granite","935.01","-76.33","8.31","0.73","0.60","17.64","-","-","86.53","-0.97"
"Kriti Industries (India) Limited","Building Products - Pipes","934.13","42.58","33.32","6.16","1.07","16.57","15.99","0.11","195.39","4.42"
"Davangere Sugar Company Ltd","Packaged Foods & Meats","932.38","76.17","-34.09","2.74","4.18","23.05","375.96","-","-23.06","0.13"
"Primo Chemicals Ltd","Commodity Chemicals","932.29","-36.81","-12.31","2.41","2.24","42.11","68.20","-","-118.44","-1.05"
"Virtuoso Optoelectronics Ltd","Household Appliances","931.34","91.76","30.99","4.44","1.75","18.50","67.73","-","-","3.85"
"Transindia Real Estate Ltd","Logistics","929.47","3.71","-21.43","0.76","2.08","1.54","12.37","-","-100.00","20.38"
"Sarveshwar Foods Ltd","Packaged Foods & Meats","922.04","54.95","1.84","3.65","1.05","19.35","-","-","87.23","0.18"
"Mallcom (India) Ltd","Business Support Services","918.43","25.30","45.22","3.87","2.16","15.60","144.18","-","-1.73","58.17"
"Entertainment Network (India) Ltd","Radio","916.94","28.22","-29.06","1.19","1.62","5.41","7.20","-","119.71","6.82"
"Forbes & Company Ltd","Conglomerates","915.74","-205.78","39.25","6.53","5.91","690.34","-","-","-103.28","-2.01"
"V-Marc India Ltd","Electrical Components & Equipments","904.59","33.70","262.56","8.49","1.60","15.57","18.95","-","157.33","11.78"
"Dhanlaxmi Bank Ltd","Private Banks","904.01","15.63","-18.14","0.88","0.66","-","52.29","-","17.12","2.29"
"Sar Auto Products Ltd","Auto Parts","903.39","765.59","-14.92","53.52","43.27","325.21","289.55","-","90.32","2.48"
"Ganesh Green Bharat Ltd","Renewable Energy","901.64","45.35","-4.09","15.32","5.24","25.78","5303.77","-","142.21","10.98"
"MMP Industries Ltd","Metals - Aluminium","898.49","28.40","19.15","3.11","1.53","18.10","21.02","-","48.41","12.46"
"Garuda Construction and Engineering Ltd","Construction & Engineering","896.27","24.59","-9.43","7.53","5.80","17.85","-","-","-10.68","4.88"
"Bharat Parenterals Ltd","Pharmaceuticals","895.94","61.75","-10.83","3.76","3.37","34.03","-","0.06","-12.14","25.03"
"Gandhi Special Tubes Ltd","Auto Parts","895.78","16.11","-5.35","4.02","4.89","11.62","33.98","1.76","17.43","45.75"
"Cool Caps Industries Ltd","Plastic Products","891.85","226.36","79.63","20.81","5.54","65.27","156.47","-","-31.24","3.41"
"State Trading Corporation of India Ltd","Commodities Trading","890.88","17.44","5.30","-0.19","8.87","50.14","-","-","60.65","8.51"
"Career Point Ltd","Education Services","890.54","15.60","41.09","1.67","7.77","11.66","-","0.20","377.57","31.37"
"Hazoor Multi Projects Ltd","Real Estate","890.31","13.96","21.66","3.76","1.62","10.49","-","0.63","-","34.08"
"Silver Touch Technologies Ltd","IT Services & Consulting","890.27","55.43","1.78","7.89","3.92","31.94","316.82","-","65.57","12.66"
"Orient Paper and Industries Ltd","Paper Products","889.48","143.23","-10.24","0.55","1.04","14.00","8.80","0.60","-93.74","0.29"
"Sukhjit Starch and Chemicals Ltd","Agro Products","888.97","17.79","15.12","1.77","0.64","8.20","11.44","1.41","-21.12","31.99"
"Alphalogic Techsys Ltd","Software Services","888.77","215.20","44.95","18.13","15.97","114.47","1813.81","-","18.15","0.68"
"Ambika Cotton Mills Ltd","Textiles","887.46","14.09","-1.97","1.03","1.05","5.64","-","2.26","-43.72","110.01"
"NCL Industries Ltd","Cement","886.74","9.51","-5.59","1.04","0.47","4.63","4.85","1.53","110.50","20.61"
"Innovana Thinklabs Ltd","Software Services","885.60","21.61","-18.49","5.32","7.69","15.27","-","-","128.51","19.99"
"Bhageria Industries Ltd","Specialty Chemicals","882.97","46.28","11.16","1.69","1.73","15.04","38.52","0.49","29.36","4.37"
"Rushil Decor Ltd","Building Products - Laminates","881.79","20.45","2.22","1.62","1.04","9.50","21.55","0.30","-49.18","1.76"
"Chemcon Speciality Chemicals Ltd","Specialty Chemicals","881.33","45.93","-8.34","1.85","3.14","18.81","73.69","-","-65.18","5.24"
"Rajapalayam Mills Ltd","Textiles","880.90","19.85","-0.19","0.38","0.98","15.40","5.93","0.06","-47.26","48.12"
"Aimtron Electronics Ltd","Electronic Equipments","879.12","64.59","70.18","17.00","9.38","36.26","131.02","-","-30.79","9.21"
"Basilic Fly Studio Ltd","Animation","877.19","24.02","-5.87","7.10","8.29","16.01","-","-","11.20","18.15"
"Waaree Technologies Ltd","Specialty Chemicals","876.96","-116.93","-59.16","234.48","30.33","-","-","-","-594.44","-6.96"
"SBC Exports Ltd","Apparel & Accessories","876.82","94.38","3.25","19.85","4.03","43.92","-","-","34.64","0.29"
"Affordable Robotic & Automation Ltd","Software Services","876.48","136.52","32.49","7.78","5.36","56.65","-","-","183.33","5.95"
"Liberty Shoes Ltd","Footwear","875.86","78.55","57.96","4.19","1.37","16.23","9.93","-","-18.78","6.40"
"HDFC Nifty 50 ETF","Equity","875.43","-","10.23","-","-","-","-","0.00","-","-"
"Dhampur Bio Organics Ltd","Sugar","871.40","18.74","-3.45","0.86","0.46","11.82","-","1.90","-58.15","7.00"
"RSWM Ltd","Textiles","870.58","-41.36","-4.92","0.67","0.21","12.41","-","-","-115.25","-4.47"
"Ugar Sugar Works Ltd","Sugar","867.71","41.03","-3.10","3.69","0.73","12.97","-","0.32","-79.48","1.88"
"Shardul Securities Ltd","Investment Banking & Brokerage","863.46","8.83","156.54","1.29","4.97","5.18","43.48","-","4325.34","55.89"
"Visaka Industries Ltd","Cement","863.01","1027.39","-7.05","1.15","0.56","13.81","265.54","0.50","-98.43","0.10"
"Frontier Springs Ltd","Industrial Machinery","862.06","66.31","58.25","9.65","6.34","39.66","74.51","-","79.56","32.60"
"Onmobile Global Ltd","Software Services","861.10","56.50","-0.38","1.33","1.61","18.68","22.66","-","125.80","1.44"
"Kore Digital Ltd","Telecom Infrastructure","860.02","74.85","111.30","11.50","8.18","48.04","-","-","176.35","35.20"
"Jayant Agro-Organics Ltd","Specialty Chemicals","859.95","16.30","17.22","1.49","0.40","10.49","50.88","2.62","6.91","17.58"
"Sathlokhar Synergys E&C Global Ltd","Construction & Engineering","859.43","32.78","44.15","21.20","3.47","23.67","70.62","-","380.22","14.98"
"Royal Orchid Hotels Ltd","Hotels Resorts & Cruise Lines","857.45","17.68","-21.07","4.12","2.74","10.75","14.44","-","3.08","17.68"
"K&R Rail Engineering Ltd","Construction & Engineering","856.35","109.93","-22.52","11.67","1.29","53.66","113.27","-","6.12","4.22"
"Tracxn Technologies Ltd","IT Services & Consulting","852.98","131.23","-15.33","12.03","9.80","85.26","75.82","-","-80.67","0.64"
"Fermenta Biotech Ltd","Pharmaceuticals","852.54","-36.97","65.87","2.99","2.45","28.74","8.09","0.43","54.85","-7.84"
"Zodiac Energy Ltd","Renewable Energy Equipment & Services","851.04","77.51","2.88","17.89","3.85","44.20","53.29","-","243.13","7.50"
"Haldyn Glass Ltd","Packaging","850.62","34.63","-2.91","4.26","2.66","15.57","44.86","0.44","-8.73","4.57"
"TAAL Enterprises Ltd","Conglomerates","848.99","22.85","-3.33","5.23","4.28","12.50","24.67","-","18.96","119.21"
"Transpek Industry Ltd","Commodity Chemicals","844.48","21.89","-18.44","1.25","1.40","8.72","8.63","0.93","-53.80","69.05"
"Eldeco Housing and Industries Ltd","Real Estate","842.54","24.89","-21.94","2.27","6.89","16.52","-","0.93","-23.71","34.42"
"GeeCee Ventures Ltd","Real Estate","840.44","22.56","41.22","1.30","8.65","15.54","-","0.50","220.38","17.82"
"Shivalik Rasayan Ltd","Fertilizers & Agro Chemicals","833.41","65.57","-3.79","1.64","3.01","19.54","-","-","-40.90","8.46"
"Jindal Poly Investment and Finance Company Ltd","Asset Management","832.02","2.81","11.63","0.31","2.78","2.88","-","-","5.15","281.17"
"Gloster Ltd","Textiles","830.59","34.11","-21.27","0.75","1.26","12.34","21.85","2.64","-55.22","22.25"
"Bhartiya International Ltd","Apparel & Accessories","830.24","3459.33","60.74","2.13","1.06","15.02","12.62","-","-99.62","0.20"
"GHCL Textiles Ltd","Textiles","828.63","33.08","2.05","0.60","0.78","9.89","14.31","0.58","361.93","5.24"
"Annapurna Swadisht Ltd","FMCG - Foods","824.91","62.87","4.40","7.20","3.10","31.32","-","-","77.20","7.71"
"Kwality Pharmaceuticals Ltd","Pharmaceuticals","823.61","34.62","60.53","3.70","2.67","14.98","19.16","-","22.95","22.93"
"GVK Power & Infrastructure Ltd","Airports","816.45","40.02","-51.91","1.80","0.71","6.34","0.50","-","-99.16","0.13"
"W S Industries (India) Ltd","Industrial Machinery","814.99","17.36","-17.31","5.93","2.47","19.71","7.20","-","76.78","10.19"
"Mindteck (India) Ltd","IT Services & Consulting","814.04","29.81","6.11","3.68","2.08","17.78","36.21","0.31","32.44","8.63"
"Onward Technologies Ltd","Outsourced services","814.01","24.00","-25.53","3.93","1.70","13.63","13.06","1.38","191.93","15.13"
"Integra Engineering India Ltd","Industrial Machinery","813.08","56.04","-12.31","10.59","5.51","33.13","47.44","-","-20.37","4.22"
"Shree Pushkar Chemicals & Fertilisers Ltd","Specialty Chemicals","812.42","21.92","37.66","1.72","1.10","11.35","50.27","-","-1.73","11.72"
"Sudarshan Pharma Industries Ltd","Specialty Chemicals","811.38","70.80","325.00","7.26","1.74","35.98","135.01","-","31.04","4.76"
"Radiant Cash Management Services Ltd","Business Support Services","810.77","17.84","-13.22","3.20","2.08","7.73","19.96","3.29","-29.40","4.26"
"Nupur Recyclers Ltd","Metals - Diversified","809.67","112.30","41.69","8.82","3.29","62.60","-","-","-41.05","1.05"
"Mac Charles (India) Ltd","Hotels Resorts & Cruise Lines","809.32","-12.23","37.34","4.62","27.40","233.98","-","-","-255.49","-50.52"
"Viceroy Hotels Ltd","Hotels Resorts & Cruise Lines","808.80","338.41","109.42","12.11","5.81","61.11","44.66","-","3940.30","0.45"
"Filatex Fashions Ltd","Apparel & Accessories","808.41","91.66","-67.03","0.35","4.52","60.88","82.49","-","-91.88","0.02"
"The Ruby Mills Ltd","Textiles","807.07","18.12","19.87","1.34","3.22","13.71","16.15","0.73","26.42","13.32"
"Manba Finance Ltd","Diversified Financials","806.64","25.87","5.46","4.02","4.21","33.48","-","-","104.86","8.28"
"Deccan Cements Ltd","Cement","804.31","21.59","-8.83","1.12","0.99","11.68","14.19","0.52","-24.39","26.60"
"Andhra Cements Ltd","Cement","804.02","-12.25","-2.04","2.71","2.76","72.40","-","-","-114.46","-7.12"
"Spencer's Retail Ltd","Retail - Department Stores","803.99","-3.02","-14.81","-1.93","0.34","171.15","22.92","-","-26.50","-29.53"
"CSL Finance Ltd","Specialized Finance","803.57","12.68","-19.19","1.69","4.82","14.31","-","0.71","32.34","29.13"
"Global Surfaces Ltd","Building Products - Ceramics","802.71","42.93","-13.52","2.41","3.51","24.39","-","-","-30.61","4.41"
"Zuari Agro Chemicals Ltd","Fertilizers & Agro Chemicals","802.51","8.04","-1.26","0.35","0.17","5.02","1.70","0.79","-79.05","23.74"
"Naperol Investments Ltd","Asset Management & Custody Banks","800.44","-2223.45","56.38","0.76","416.90","-","734.35","-","-100.11","-0.54"
"Moneyboxx Finance Ltd","Diversified Financials","797.99","87.40","-12.76","4.73","6.24","81.77","-","-","212.72","3.30"
"Albert David Ltd","Pharmaceuticals","797.60","10.58","16.64","2.08","1.90","4.93","17.53","0.82","108.43","132.13"
"Foce India Ltd","Precious Metals Jewellery & Watches","797.55","50.16","89.53","12.38","9.92","40.37","2953.88","-","87.06","32.50"
"Wim Plast Ltd","Housewares","794.80","14.26","25.29","1.62","2.11","7.85","17.17","1.51","33.70","46.44"
"Rane Brake Linings Ltd","Auto Parts","792.85","19.68","22.49","2.82","1.20","10.29","27.07","2.92","20.56","52.11"
"SPEL Semiconductor Ltd","Electronic Equipments","792.30","-47.22","16.63","23.95","48.31","-","-","-","-442.78","-3.63"
"Consolidated Construction Consortium Ltd","Construction & Engineering","791.84","1.18","73.69","28.70","0.53","1.37","15.67","-","697.51","16.88"
"Pashupati Cotspin Ltd","Textiles","791.33","95.34","391.92","6.64","1.18","22.56","14.24","0.14","113.92","5.43"
"Permanent Magnets Ltd","Metals - Diversified","788.44","41.15","-25.53","6.08","3.83","19.67","33.46","0.20","-","22.28"
"S J Logistics (India) Ltd","Logistics","786.80","34.80","70.99","25.22","2.88","25.66","-","-","-22.51","20.03"
"Lucent Industries Ltd","Education Services","784.35","-6536.25","478.69","54.62","-","-","-","-","-33.33","-0.08"
"Repro India Ltd","Stationery","783.35","64.74","-32.41","2.02","1.63","15.29","28.83","-","30.48","8.95"
"EKI Energy Services Ltd","Environmental & Facilities Services","782.86","-6.06","-14.74","1.89","2.86","-","4.74","-","-207.94","-46.96"
"Nitco Ltd","Building Products - Ceramics","782.11","-4.80","72.49","-2.06","2.37","-","-","-","-7.75","-22.68"
"ADC India Communications Ltd","Communication & Networking","781.89","37.81","36.14","11.04","4.33","26.34","40.24","1.76","153.12","44.96"
"Transworld Shipping Lines Ltd","Logistics","781.36","-15.32","16.76","1.02","2.16","16.38","41.21","-","-125.91","-23.23"
"Focus Lighting and Fixtures Ltd","Home Electronics & Appliances","780.88","19.93","-32.10","8.68","3.39","14.74","-","-","49.98","5.99"
"Parsvnath Developers Ltd","Real Estate","779.41","-1.31","23.09","-0.49","1.40","267.34","2.98","-","25.85","-13.65"
"RBZ Jewellers Ltd","Jewelry & Watch Retailers","779.24","36.13","30.44","3.76","2.38","21.46","-","-","-17.17","6.16"
"All e Technologies Ltd","IT Services & Consulting","777.39","39.48","64.74","6.53","6.29","24.24","48.20","-","49.56","9.75"
"Aerpace Industries Ltd","Trading Companies & Distributors","776.36","-558.53","245.74","47.78","2352.60","-","-","-","-1029.21","-0.12"
"KSE Ltd","Agro Products","774.99","44.01","8.01","3.45","0.46","23.54","-","1.24","839.59","54.98"
"Titan Biotech Ltd","Fertilizers & Agro Chemicals","771.04","31.02","87.98","5.78","4.65","21.55","36.46","-","0.12","30.08"
"Jindal Photo Ltd","Electronic Equipments","771.02","2.90","17.41","0.33","2.85","2.90","-","-","58.85","258.86"
"Nectar Lifesciences Ltd","Pharmaceuticals","766.52","153.61","0.53","0.72","0.45","8.32","3.41","-","120.63","0.22"
"Speciality Restaurants Ltd","Restaurants & Cafes","765.21","25.50","-19.68","2.44","1.79","7.96","12.25","0.63","-69.37","6.31"
"Spright Agro Ltd","-","765.06","65.84","-51.48","-1048.02","10.54","60.34","15301.13","-","88387.85","0.75"
"TAC Infosec Ltd","IT Services & Consulting","764.91","120.46","81.75","54.21","64.55","113.16","-","-","25.49","8.30"
"Kisan Mouldings Ltd","Building Products - Pipes","763.97","13.13","-21.44","3.77","1.94","9.91","61.17","-","147.13","7.59"
"Hampton Sky Realty Ltd","Real Estate Development","762.57","55.83","-13.47","3.68","3.15","24.34","-","-","2492.27","0.50"
"Vikas Lifecare Ltd","Plastic Products","762.57","54.31","-16.26","1.59","1.61","33.25","-","-","175.26","0.09"
"Apex Frozen Foods Ltd","Packaged Foods & Meats","760.19","52.07","11.74","1.53","0.94","19.29","68.12","-","-59.30","4.67"
"Hi-Green Carbon Ltd","Commodity Chemicals","757.20","73.66","51.96","10.03","10.72","42.25","-","-","-28.15","4.67"
"Sil Investments Ltd","Diversified Financials","756.23","25.72","39.34","0.34","13.93","17.39","47.21","0.35","4.70","27.65"
"Chembond Chemicals Ltd","Specialty Chemicals","755.52","17.01","0.55","2.08","1.58","10.13","27.32","-","77.04","33.03"
"Hp Adhesives Ltd","Diversified Chemicals","755.49","36.73","-22.79","4.47","3.15","21.33","33.16","0.36","89.24","2.24"
"De Nora India Ltd","Electrical Components & Equipments","754.28","39.68","-19.31","6.30","9.55","26.07","46.97","0.14","-6.26","35.81"
"RMC Switchgears Ltd","Electrical Components & Equipments","754.00","50.67","35.96","12.47","4.35","24.39","96.92","0.03","26.75","14.44"
"Essar Shipping Ltd","Logistics","749.67","-6.35","19.74","-0.28","4.60","420.33","-","-","-107.16","-5.71"
"TPL Plastech Ltd","Plastic Products","747.81","37.69","1.13","5.74","2.39","21.16","25.54","-","23.85","2.54"
"Vraj Iron and Steel Ltd","Iron & Steel","746.07","13.00","-10.24","3.72","1.74","9.09","38.82","-","6.30","23.22"
"U. P. Hotels Ltd","Hotels Resorts & Cruise Lines","745.20","23.42","-18.81","4.91","4.91","13.25","-","-","36.22","58.93"
"Wanbury Ltd","Pharmaceuticals","743.99","13.30","43.78","26.62","1.23","8.67","186.93","-","637.94","17.10"
"Pyramid Technoplast Ltd","Plastic Products","740.40","25.23","23.60","3.33","1.38","15.26","-","-","-15.08","8.62"
"Pavna Industries Ltd","Auto Parts","739.44","70.02","2.68","9.98","2.31","23.76","40.03","-","26.17","8.67"
"Macfos Ltd","Computer & Electronics Retail","738.61","68.26","67.74","27.03","5.85","44.46","147.72","-","-","12.25"
"Axtel Industries Ltd","Industrial Machinery","735.45","22.90","-29.35","6.51","3.25","14.30","19.01","1.32","85.66","19.88"
"Integrated Industries Ltd","Electronic Components","735.00","29.53","4.96","4.89","2.22","24.71","-","-","1122.97","1.72"
"Tamilnadu Petroproducts Ltd","Commodity Chemicals","731.47","14.61","-5.63","0.85","0.43","3.46","4.54","-","-46.83","5.57"
"Cheviot Co Ltd","Textiles","729.59","10.52","-4.27","1.17","1.44","7.46","20.31","0.41","27.40","115.31"
"Bright Outdoor Media Ltd","Advertising","727.44","45.35","4.49","4.98","6.78","30.38","-","-","95.37","11.52"
"KN Agri Resources Ltd","Agro Products","724.97","23.36","123.94","2.57","0.42","14.43","-","-","15.39","12.50"
"Addictive Learning Technology Ltd","Education Services","724.95","100.69","42.82","10.61","11.01","38.64","38.20","-","344.09","2.18"
"S Chand and Company Ltd","Education Services","724.70","14.17","-9.05","0.77","0.88","5.79","5.98","1.46","-11.34","14.55"
"R & B Denims Ltd","Textiles","723.57","38.73","43.53","4.03","2.05","15.39","29.70","-","9.91","2.34"
"Sarla Performance Fibers Ltd","Textiles","722.72","21.97","48.84","1.69","1.79","10.18","23.30","-","54.10","3.94"
"Rudra Ecovation Ltd","Textiles","720.18","-1161.57","53.89","25.94","35.16","386.17","201.73","-","-121.16","-0.07"
"Lancer Container Lines Ltd","Logistics","715.93","12.27","-56.55","1.79","1.11","7.73","16.58","-","233.76","2.82"
"DIC India Ltd","Specialty Chemicals","715.82","-31.59","68.38","1.81","0.86","-","136.09","-","-155.30","-24.69"
"Vishnusurya Projects and Infra Ltd","Construction & Engineering","713.19","25.84","13.29","5.43","3.08","14.95","-","-","-37.82","16.38"
"Nitta Gelatin India Ltd","Specialty Chemicals","713.12","8.63","-15.99","2.01","1.31","4.87","7.58","0.76","17.51","91.01"
"IND Swift Laboratories Ltd","Pharmaceuticals","710.16","1.69","-2.88","0.76","0.41","0.43","-","-","785.71","71.14"
"Bella Casa Fashion & Retail Ltd","Textiles","710.14","69.76","95.63","8.37","3.01","38.92","195.63","0.16","31.35","8.15"
"Stovec Industries Ltd","Industrial Machinery","707.90","78.31","29.56","5.05","3.34","37.71","53.67","5.13","-63.49","43.29"
"Andhra Petrochemicals Ltd","Commodity Chemicals","706.11","11.14","-9.40","1.27","0.87","3.73","6.85","2.41","210.83","7.46"
"Evexia Lifecare Ltd","Packaged Foods & Meats","704.00","513.87","48.22","7.80","12.32","497.59","-","-","88.79","0.02"
"Nandan Denim Ltd","Textiles","702.00","15.61","14.59","1.20","0.34","6.38","3.05","-","8715.69","0.31"
"Artemis Electricals and Projects Ltd","Electrical Components & Equipments","701.90","179.51","-21.15","8.94","16.92","90.96","32.88","-","242.12","0.16"
"Bedmutha Industries Ltd","Iron & Steel","698.38","33.34","7.13","3.05","0.80","9.78","9.46","-","61.15","6.49"
"Khadim India Ltd","Footwear","698.01","111.15","6.76","2.91","1.12","12.11","13.56","-","-64.24","3.48"
"A K Capital Services Ltd","Investment Banking & Brokerage","695.77","10.92","18.34","0.90","2.22","30.78","2.61","0.80","-34.05","27.35"
"PVP Ventures Ltd","Real Estate","694.76","10.46","-15.97","3.03","1.15","10.70","17368.93","-","-70.18","2.63"
"Industrial Investment Trust Ltd","Asset Management","692.21","10.67","66.76","1.61","11.68","8.06","-","-","44.27","28.76"
"Suraj Products Ltd","Iron & Steel","690.78","23.88","4.75","5.30","2.00","13.89","21.65","-","11.23","25.38"
"Nile Ltd","Metals - Lead","689.06","22.12","64.16","3.00","0.82","14.95","27.49","-","38.08","103.77"
"Modern Insulators Ltd","Electrical Components & Equipments","687.83","19.08","22.89","1.62","1.51","14.56","58.59","-","28.98","7.65"
"RPP Infra Projects Ltd","Construction & Engineering","687.66","12.02","48.56","1.62","0.49","6.05","15.54","-","94.11","15.03"
"Hindustan Composites Ltd","Auto Parts","686.76","19.96","10.66","0.70","2.30","12.37","17.05","-","25.31","23.30"
"Tolins Tyres Ltd","Tires & Rubber","685.68","26.37","-27.51","6.82","3.00","15.64","-","-","-","8.48"
"R S Software (India) Ltd","Software Services","684.61","37.82","-3.20","13.94","10.70","28.52","43.19","-","322.09","7.04"
"Digispice Technologies Ltd","Telecom Equipments","682.35","58.42","-0.54","2.76","1.35","10.78","16.34","-","156.57","0.50"
"Khaitan Chemicals and Fertilizers Ltd","Fertilizers & Agro Chemicals","682.32","-9.68","-5.70","3.09","1.27","-","-","-","-267.14","-7.26"
"MBL Infrastructure Ltd","Construction & Engineering","678.65","-17.26","6.92","0.91","2.68","9.47","13.71","-","22.15","-3.75"
"Lokesh Machines Ltd","Industrial Machinery","678.09","49.00","-15.55","3.46","2.30","18.75","38.88","-","40.47","7.61"
"LIC MF S&P BSE Sensex ETF","Equity","676.62","-","12.96","-","-","-","-","0.00","-","-"
"Black Rose Industries Ltd","Conglomerates","676.52","31.88","-0.82","4.66","1.76","19.81","48.32","-","168.27","4.16"
"AVG Logistics Ltd","Logistics","676.15","21.18","-11.23","3.38","1.34","8.07","697.07","-","254.52","25.11"
"Kiran Vyapar Ltd","Diversified Financials","673.78","12.93","39.28","0.37","6.16","12.18","11.54","0.40","34.29","19.32"
"Revathi Equipment India ltd","Industrial Machinery","673.58","21.69","-29.62","6.32","3.05","13.14","15.26","-","132.10","101.24"
"MOS Utility Ltd","Online Services","673.26","59.85","51.69","8.55","3.49","37.79","-","-","71.82","5.10"
"RBM Infracon Ltd","Construction & Engineering","670.93","60.44","46.46","6.90","5.16","34.80","-","-","335.06","13.15"
"Consolidated Finvest & Holdings Ltd","Asset Management","670.22","14.43","-17.92","0.83","12.97","13.16","40.92","-","-85.16","14.37"
"TVS Electronics Ltd","Technology Hardware","669.55","2479.80","20.05","6.78","1.82","56.01","48.03","0.28","-97.16","0.14"
"Birla Cable Ltd","Telecom Equipments","669.00","30.20","-21.22","2.67","0.96","14.98","42.29","0.78","-32.76","7.38"
"Kriti Nutrients Ltd","Agro Products","668.98","14.77","23.74","3.79","0.97","9.70","13.43","0.22","117.64","9.04"
"Menon Bearings Ltd","Auto Parts","667.94","27.42","-8.84","4.61","3.12","14.99","23.58","1.89","-25.25","4.35"
"Vinyl Chemicals (India) Ltd","Specialty Chemicals","666.00","30.48","-5.43","5.70","1.11","20.22","18.41","1.86","-38.71","11.91"
"Plastiblends India Ltd","Specialty Chemicals","663.63","19.22","-2.95","1.64","0.82","9.92","17.44","1.66","28.52","13.28"
"Emkay Global Financial Services Ltd","Investment Banking & Brokerage","663.03","20.43","68.26","2.75","2.09","2.46","29.91","0.56","130.29","13.16"
"SoftSol India Ltd","Software Services","662.59","60.96","88.33","3.78","7.93","28.42","444.69","-","16946.78","7.36"
"Sunshield Chemicals Ltd","Specialty Chemicals","659.02","34.98","14.23","8.02","2.31","17.75","15.66","0.27","37.82","25.62"
"Goa Carbon Ltd","Metals - Coke","655.95","7.67","-22.91","2.65","0.61","5.11","3.35","2.79","5.88","93.43"
"Uni-Abex Alloy Products Ltd","Iron & Steel","655.70","18.50","22.97","5.79","3.56","11.71","23.39","0.75","91.26","179.44"
"Tiger Logistics (India) Ltd","Logistics","655.60","50.55","23.75","5.92","2.69","32.53","-","-","1.56","2.23"
"Remsons Industries Ltd","Auto Parts","655.48","49.25","-0.24","5.89","2.08","19.84","42.34","1.11","-55.29","1.31"
"PREVEST DENPRO LTD","Health Care Supplies","654.16","40.56","25.87","7.38","10.66","26.35","56.30","0.18","-","13.44"
"RM Drip & Sprinklers Systems Ltd","Agricultural & Farm Machinery","652.10","120.31","96.28","16.05","12.21","73.95","-","-","11004.41","4.98"
"UTI Gold Exchange Traded Fund","Gold","651.54","-","9.61","-","-","-","-","0.00","-","-"
"JAYBEE Laminations Ltd","Electrical Components & Equipments","651.08","33.61","-0.94","10.36","2.15","20.11","41.29","-","42.53","10.76"
"Hercules Hoists Ltd","Industrial Machinery","649.76","18.06","40.61","0.69","3.22","11.57","22.92","1.97","-65.18","11.24"
"IRIS Business Services Ltd","IT Services & Consulting","649.69","74.59","134.15","15.79","6.31","40.29","55.53","-","103.23","4.50"
"Cian Agro Industries & Infrastructure Ltd","Agro Products","647.45","132.13","472.37","7.26","3.55","22.37","9.94","-","1650.00","1.75"
"Bartronics India Ltd","Payment Infrastructure","646.62","465.19","-10.42","24.39","12.85","908.98","-","-","-98.66","0.05"
"Mkventures Capital Ltd","Investment Banking & Brokerage","646.18","30.52","-11.22","6.89","15.56","21.21","2.50","0.06","22.95","57.79"
"Premier Polyfilm Ltd","Home Furnishing","645.53","31.34","51.80","6.84","2.17","18.84","23.99","0.24","76.37","9.83"
"SKM Egg Products Export India Ltd","Packaged Foods & Meats","644.30","7.54","-12.86","2.33","0.90","3.86","5.90","-","12.49","32.44"
"NBI Industrial Finance Company Ltd","Diversified Financials","644.21","81.86","43.60","0.28","49.71","60.14","113.42","0.02","48.77","32.03"
"Cybertech Systems and Software Ltd","IT Services & Consulting","642.63","28.25","23.80","2.95","2.72","11.86","17.70","0.97","-0.27","7.64"
"Meghna Infracon Infrastructure Ltd","Investment Banking & Brokerage","641.34","202.32","122.90","48.62","11.67","193.45","57.11","0.02","344.83","2.92"
"DMCC Speciality Chemicals Ltd","Diversified Chemicals","640.46","55.31","-25.68","3.06","1.89","15.51","16.69","-","67.34","4.64"
"Reliance Communications Ltd","Telecom Services","636.67","-0.09","32.57","-0.01","1.32","-","-","-","50.26","-26.08"
"Aarti Surfactants Ltd","Specialty Chemicals","636.14","29.82","14.54","2.65","1.08","11.36","12.24","-","59.96","26.56"
"Krishival Foods Ltd","FMCG - Foods","635.52","66.13","18.23","5.21","6.07","42.00","-","0.07","35.52","4.57"
"Race Eco Chain Ltd","Textiles","634.46","409.33","18.04","28.53","1.82","104.57","-","-","19.23","0.94"
"Kamdhenu Ventures Ltd","Commodity Chemicals","634.37","45.80","-43.80","3.98","2.17","27.47","-","-","157.30","0.47"
"Emami Paper Mills Ltd","Paper Products","634.21","7.52","-11.05","0.82","0.32","5.15","1.81","1.53","21.87","13.93"
"Medicamen Biotech Ltd","Pharmaceuticals","633.70","57.87","14.98","3.06","3.49","25.15","-","-","-27.71","8.63"
"Indo Borax and Chemicals Ltd","Commodity Chemicals","633.30","16.25","8.94","2.16","3.12","8.69","9.33","0.51","-57.71","12.15"
"Alliance Integrated Metaliks Ltd","Building Products - Prefab Structures","633.10","9.86","-7.66","-3.32","2.84","5.36","78.94","-","413.38","1.73"
"Hindustan Media Ventures Ltd","Publishing","632.89","63.61","-24.02","0.43","0.78","-","38.61","-","126.12","1.35"
"Coffee Day Enterprises Ltd","Restaurants & Cafes","631.64","-1.96","-54.11","0.20","0.52","-","3.35","-","15.09","-15.27"
"Brand Concepts Ltd","Retail - Department Stores","630.72","58.02","-26.78","11.31","2.50","23.68","-","-","8.33","10.01"
"Arfin India Ltd","Metals - Aluminium","630.35","76.68","-30.47","6.54","1.17","23.22","135.85","-","337.66","0.52"
"Artson Engineering Ltd","Construction & Engineering","630.04","103.97","8.52","692.35","4.89","47.34","-","-","125.80","1.64"
"Sakuma Exports Ltd","Commodities Trading","628.66","15.73","-29.28","1.30","0.29","13.51","-","0.19","40.54","0.34"
"Shankar Lal Rampal Dye-Chem Ltd","Specialty Chemicals","626.55","96.39","-13.40","6.36","2.18","64.93","106.74","0.05","-59.17","1.02"
"Alankit Ltd","Investment Banking & Brokerage","623.39","28.94","34.44","2.10","2.52","16.42","64.94","-","147.34","0.87"
"Wise Travel India Ltd","Tour & Travel Services","621.49","26.74","31.52","4.18","1.50","11.72","32.44","-","83.71","11.29"
"Megatherm Induction Ltd","Industrial Machinery","621.46","30.02","-3.04","5.16","2.02","15.88","27.09","-","-2.82","14.75"
"Meson Valves India Ltd","Industrial Machinery & Supplies & Components","621.24","68.64","-25.89","30.95","9.81","42.14","-","-","35.98","17.37"
"Nicco Parks & Resorts Ltd","Hotels Resorts & Cruise Lines","621.04","25.08","-3.28","6.64","7.02","15.62","30.91","1.13","9.95","5.29"
"SRM Contractors Ltd","Construction & Engineering","619.95","23.00","35.88","4.79","1.77","12.20","-","-","43.94","16.10"
"Empire Industries Ltd","Packaging","618.78","16.72","-5.12","2.06","0.98","7.96","8.28","2.42","4.17","61.68"
"Donear Industries Ltd","Textiles","618.70","17.82","11.25","3.02","0.77","9.65","8.75","0.17","-","6.68"
"Advani Hotels and Resorts (India) Ltd","Hotels Resorts & Cruise Lines","616.84","24.71","-18.52","8.58","5.69","15.45","21.10","5.39","-12.76","2.70"
"Nagarjuna Fertilizers and Chemicals Ltd","Fertilizers & Agro Chemicals","613.61","-0.48","-0.87","-0.18","0.13","-","13.77","-","-42.64","-21.47"
"D P Wires Ltd","Iron & Steel","612.42","16.86","-25.41","2.71","0.61","10.16","25.99","-","-11.42","23.43"
"Munjal Showa Ltd","Auto Parts","609.32","19.81","-6.68","0.92","0.50","6.69","53.36","2.95","-3.63","7.69"
"Gretex Corporate Services Ltd","Investment Banking & Brokerage","608.88","22.43","-1.01","4.07","5.26","12.97","-","0.06","21.26","24.61"
"Kronox Lab Sciences Ltd","Specialty Chemicals","606.46","28.41","2.59","9.15","6.63","20.16","34.81","0.31","33.58","5.75"
"Balaji Telefilms Ltd","Movies & TV Serials","606.23","30.62","-22.50","1.41","0.96","12.01","9.21","-","153.19","1.95"
"Mold-Tek Technologies Ltd","Construction & Engineering","604.65","21.72","-4.17","4.97","3.71","12.71","18.59","-","-5.17","9.83"
"Sayaji Hotels Ltd","Hotels Resorts & Cruise Lines","603.41","42.11","10.65","3.81","5.17","16.97","12.75","-","-58.16","7.98"
"Inertia Steel Ltd","-","603.36","-20111.97","251.30","2154.85","1547.07","-","60335.91","-","-121.43","-1.21"
"Sakar Healthcare Ltd","Pharmaceuticals","602.14","51.55","-12.13","2.30","3.85","16.39","24.61","-","-18.79","5.73"
"Ashima Ltd","Textiles","601.43","6.24","46.29","1.85","1.82","9.10","-","-","1549.77","5.03"
"Shri Jagdamba Polymers Ltd","Textiles","600.84","18.63","10.88","2.45","1.64","9.84","-","-","7.21","36.83"
"UTI Nifty Next 50 Exchange Traded Fund","Equity","599.22","-","13.15","-","-","-","-","0.00","-","-"
"Manaksia Ltd","Metals - Diversified","598.98","7.93","-21.31","1.03","0.78","1.54","4.45","-","-29.27","11.53"
"Tantia Constructions Ltd","Construction & Engineering","596.75","-26.84","19.20","2.41","10.99","-","-","-","-188.58","-2.42"
"Harita Seating Systems Ltd","Auto Parts","595.54","43.15","0.00","2.14","0.79","11.81","17.05","-","-52.08","17.76"
"Nahar Industrial Enterprises Ltd","Textiles","595.24","61.18","3.20","0.61","0.40","12.70","-","-","-88.15","2.24"
"CL Educate Ltd","Education Services","595.08","39.46","34.06","2.14","1.78","13.68","23.27","-","-31.40","2.76"
"Laxmi Goldorna House Ltd","Precious Metals Jewellery & Watches","594.85","62.81","7.28","13.09","2.94","36.70","-","-","2267.50","4.54"
"Delton Cables Ltd","Electrical Components & Equipment","593.78","40.50","75.41","8.32","1.41","18.80","-","-","2427.59","16.97"
"Triton Valves Ltd","Auto Parts","587.76","209.17","71.10","5.71","1.36","21.55","23.79","0.20","130.39","25.27"
"Music Broadcast Ltd","Radio","586.78","85.66","-16.91","0.94","2.33","9.67","21.48","-","99.13","0.20"
"Supreme Power Equipment Ltd","Heavy Electrical Equipment","585.79","41.84","24.91","7.58","5.16","25.66","-","-","7.49","6.54"
"Suraj Ltd","Iron & Steel","582.23","27.04","55.57","4.75","1.74","14.06","14.26","0.47","9.67","11.72"
"U Y Fincorp Ltd","Diversified Financials","580.23","8.94","9.90","1.82","2.95","6.87","-","-","739.59","3.41"
"Vikas Ecotech Ltd","Specialty Chemicals","580.14","84.94","-18.00","1.54","2.21","29.49","4.83","-","-41.88","0.06"
"Sreeleathers Ltd","Footwear","580.03","21.60","-18.27","1.39","2.66","15.01","19.66","-","4.84","11.60"
"Nahar Poly Films Ltd","Textiles","579.69","102.06","15.43","0.73","0.95","21.22","34.73","0.42","-86.85","2.31"
"N R Agarwal Industries Ltd","Paper Products","577.54","4.60","-28.95","0.76","0.44","6.14","4.27","0.59","26.34","73.72"
"Genus Paper & Boards Ltd","Paper Products","576.99","167.24","11.09","1.18","0.81","14.68","7.85","-","129.34","0.13"
"Sahaj Solar Ltd","Renewable Energy Equipment & Services","576.77","43.79","46.20","17.15","2.86","24.97","-","-","104.01","16.57"
"Shree Tirupati Balajee Agro Trading Company Ltd","Packaging","576.46","33.44","-25.22","4.66","1.58","18.46","-","-","82.23","2.74"
"Shalibhadra Finance Ltd","Diversified Financials","573.79","47.90","32.33","5.93","17.50","38.00","225.90","-","21.45","18.05"
"Petro Carbon and Chemicals Ltd","Metals - Coke","568.96","6.90","-26.87","3.51","1.05","5.01","5.75","-","1177.56","32.53"
"Kaya Ltd","Wellness Services","564.63","-4.37","27.06","-2.49","1.35","-","14.56","-","-10.95","-98.90"
"Naga Dhunseri Group Ltd","Investment Banking & Brokerage","564.48","16.69","128.79","0.65","14.24","15.03","119.34","0.04","-51.95","338.30"
"Orient Ceratech Ltd","Metals - Diversified","562.66","29.58","-7.51","2.04","1.75","14.60","-","-","33.57","1.59"
"ABS Marine Services Ltd","Shipbuilding","560.97","23.82","-18.19","4.42","4.06","13.40","48.53","-","-99.73","26.15"
"Kanoria Chemicals and Industries Ltd","Specialty Chemicals","560.24","-14.59","2.05","0.91","0.37","15.37","14.91","-","-337.86","-8.79"
"Mirza International Ltd","Footwear","559.99","46.51","-12.86","1.01","0.88","10.16","11.28","-","97.24","0.87"
"Kamat Hotels (India) Ltd","Hotels Resorts & Cruise Lines","559.65","12.48","-34.27","2.72","1.60","5.98","7.79","-","-86.54","17.23"
"Shiv Texchem Ltd","-","559.49","18.58","-3.79","2.90","0.36","11.27","9.59","-","60.80","161.30"
"HCL Infosystems Ltd","IT Services & Consulting","558.34","-35.14","-11.67","-2.07","7.55","-","-","-","59.05","-0.48"
"HT Media Ltd","Publishing","555.57","-6.89","-14.37","0.27","0.29","12.08","-","-","64.54","-3.49"
"Jost's Engineering Company Ltd","Industrial Machinery","555.26","56.09","23.49","9.58","2.95","30.49","287.70","0.18","36.54","20.72"
"Tara Chand Infralogistic Solutions Ltd","Business Support Services","553.39","34.31","15.84","5.83","3.16","10.94","11.97","-","63.18","11.19"
"Teerth Gopicon Ltd","Construction & Engineering","553.18","47.85","189.21","28.69","5.26","30.92","135.92","-","580.00","14.45"
"Nikhil Adhesives Ltd","Commodity Chemicals","552.92","41.70","-3.76","4.85","0.98","19.11","38.83","-","328.24","2.89"
"Proventus Agrocom Ltd","Packaged Foods & Meats","549.56","75.91","61.60","4.48","1.09","42.92","51.41","-","70.73","23.39"
"Muthoot Capital Services Ltd","Diversified Financials","549.18","4.48","6.85","0.90","1.02","11.87","-","-","55.92","74.59"
"Goodricke Group Ltd","Tea & Coffee","548.10","-7.91","48.91","2.27","0.66","-","-","-","-21286.67","-32.08"
"Izmo Ltd","Software Services","547.53","21.02","14.06","1.79","2.88","12.26","17.93","-","26.55","18.94"
"Shivalic Power Control Ltd","Electrical Components & Equipments","547.43","48.83","-30.49","13.29","5.33","28.98","-","-","53.88","6.45"
"FCS Software Solutions Ltd","Software Services","547.06","-45.40","-21.95","1.25","11.97","-","36.33","-","-931.03","-0.07"
"VVIP Infratech Ltd","-","546.46","26.39","17.96","4.75","1.91","17.36","28.61","-","49.07","11.52"
"Sumit Woods Ltd","Real Estate","545.29","60.59","86.47","5.41","2.99","22.22","15.15","-","17.96","2.94"
"PTL Enterprises Ltd","Tires & Rubber","543.54","23.07","-2.93","0.64","7.77","9.16","25.40","4.26","1.25","1.78"
"EFFWA Infra & Research Ltd","Environmental Services","542.11","39.25","43.20","14.59","3.73","26.48","105.88","-","168.16","7.75"
"Nova Agritech Ltd","Fertilizers & Agro Chemicals","541.92","19.15","12.10","2.81","2.15","11.67","685.97","-","13.36","3.71"
"Oricon Enterprises Ltd","Logistics","541.50","18.04","-19.35","0.46","2.51","15.41","9.36","1.45","102.06","1.91"
"Harshil Agrotech Ltd","-","540.51","675.64","991.28","47.33","41.48","496.46","18017.07","-","-88.97","0.14"
"Dynamic Services & Security Ltd","Employment Services","539.41","60.74","48.89","5.13","4.50","33.65","-","-","-13.75","6.51"
"KCP Sugar and Industries Corp Ltd","Sugar","539.03","8.15","22.84","1.23","1.28","5.90","12.70","-","13.74","5.83"
"Synergy Green Industries Ltd","Industrial Machinery","539.03","46.63","-2.06","9.39","1.64","14.55","14.30","-","1244.19","7.98"
"Sejal Glass Ltd","Building Products - Glass","536.97","162.72","49.26","18.21","3.26","32.45","-","-","-58.02","3.27"
"Singer India Ltd","Home Electronics & Appliances","536.46","119.21","-1.49","3.71","1.24","48.19","385.95","-","-49.22","0.74"
"Modi's Navnirman Ltd","Real Estate Development","536.41","80.18","1.78","6.28","9.26","58.68","-","-","107.47","3.72"
"Vikram Thermo (India) Ltd","Pharmaceuticals","535.28","21.09","23.75","4.71","4.20","13.55","23.07","0.44","50.09","8.09"
"International Conveyors Ltd","Industrial Machinery","534.92","8.57","-4.31","1.96","2.67","5.45","44.58","1.30","124.15","9.74"
"Megasoft Ltd","IT Services & Consulting","534.69","-41.97","-8.25","2.96","14.30","23.29","12.82","-","-244.28","-1.73"
"National Peroxide Ltd","Commodity Chemicals","534.44","31.81","1.72","1.49","1.58","11.74","14.68","1.34","-99.93","58.47"
"High Energy Batteries (India) Ltd","Aerospace & Defense Equipments","534.16","31.13","-39.72","6.09","6.54","20.63","22.73","0.50","151.37","19.14"
"BPL Ltd","Home Electronics & Appliances","533.54","39.82","9.93","1.32","7.41","34.05","78.23","-","164.11","2.74"
"Iris Clothings Ltd","Retail - Apparel","532.90","43.61","-16.46","7.71","4.37","21.77","311.64","-","47.94","1.50"
"Tembo Global Industries Ltd","Iron & Steel","532.59","38.43","136.16","8.04","1.21","22.00","-","-","134.85","12.48"
"Xtglobal Infotech Ltd","IT Consulting & Other Services","532.01","45.55","6.20","3.15","2.41","20.94","304.00","0.12","-6.26","0.88"
"Arihant Foundations & Housing Ltd","Real Estate","531.39","39.33","356.01","2.78","3.89","17.66","17.50","-","35.51","15.71"
"Batliboi Ltd","Industrial Machinery","530.43","57.91","6.47","3.48","1.81","25.81","70.72","0.27","-13.75","3.16"
"IL&FS Engineering and Construction Company Ltd","Construction & Engineering","530.38","-6.85","6.45","-0.17","1.43","-","-","-","37.53","-5.91"
"Accent Microcell Ltd","Pharmaceuticals","528.92","17.53","-6.56","3.23","2.12","11.14","46.68","0.40","87.60","17.75"
"Nahar Capital and Financial Services Ltd","Asset Management","527.59","44.86","4.63","0.34","10.19","33.21","-","0.48","-88.98","7.02"
"Frog Cellsat Ltd","Electronic Equipments","525.22","33.82","88.47","3.94","3.26","22.33","73.56","-","-10.90","10.08"
"Jay Jalaram Technologies Ltd","Electrical Components & Equipments","524.88","128.96","11.06","19.11","0.97","43.56","-","-","-","3.66"
"Modi Naturals Ltd","Agro Products","523.74","-379.52","83.03","5.78","1.31","66.77","-","-","-226.93","-1.06"
"Uravi T & Wedge Lamps Ltd","Electrical Components & Equipments","523.38","246.88","19.58","20.51","12.26","75.86","830.76","-","143.68","1.93"
"Asahi Songwon Colors Ltd","Specialty Chemicals","522.35","26.05","22.06","1.96","1.15","16.01","59.83","-","274.00","17.01"
"Haryana Financial Corp","Specialized Finance","521.43","20.50","0.00","2.33","16.53","17.99","-","-","3537.53","1.22"
"Harrisons Malayalam Ltd","Agro Products","521.18","-71.30","73.04","3.62","1.05","53.15","15.80","-","-141.14","-3.96"
"Diamines and Chemicals Ltd","Commodity Chemicals","519.68","33.59","-9.03","3.51","4.88","19.09","23.73","0.47","-63.09","15.81"
"Sadbhav Engineering Ltd","Construction & Engineering","518.49","-0.82","-3.60","-4.51","0.25","-","0.45","-","-6.96","-36.72"
"Precot Ltd","Textiles","516.66","30.77","9.28","1.24","0.52","10.60","4.27","0.35","164.50","13.99"
"Worth Investment & Trading Co Ltd","-","514.56","278.14","14.52","14.97","116.94","216.68","-","-","20.75","0.23"
"Shriram Asset Management Co Ltd","Asset Management","512.86","-74.76","31.07","6.61","62.47","-","-","-","-9.12","-7.05"
"Bharat Seats Ltd","Auto Parts","512.61","20.46","5.90","3.07","0.48","10.29","9.03","0.98","16.34","7.98"
"Geekay Wires Ltd","Iron & Steel","512.20","13.30","-8.53","4.68","1.16","8.81","8.32","0.12","162.83","12.28"
"ZIM Laboratories Ltd","Pharmaceuticals","511.18","29.63","-5.61","2.14","1.37","13.17","31.40","-","252.93","3.54"
"Modison Ltd","Electrical Components & Equipments","509.47","23.86","15.82","2.50","1.24","14.09","-","1.59","91.14","6.58"
"IFB Agro Industries Ltd","Alcoholic Beverages","509.43","-63.05","18.90","0.92","0.54","47.65","-","-","-116.45","-8.63"
"International Travel House Ltd","Hotels Resorts & Cruise Lines","509.13","22.63","-7.58","3.57","2.30","10.89","10.36","0.79","-20.75","28.14"
"Gokul Refoils and Solvent Ltd","Packaged Foods & Meats","509.03","281.23","21.99","1.54","0.17","15.88","9.16","-","-92.51","0.18"
"Drone Destination Ltd","Education Services","508.23","71.78","-15.17","8.25","15.58","35.41","-","-","17.87","3.39"
"Krishca Strapping Solutions Ltd","Iron & Steel","508.14","38.41","62.07","13.00","4.81","25.95","311.74","-","19.06","12.71"
"Pradeep Metals Ltd","Iron & Steel","507.48","22.77","10.99","4.46","1.81","12.73","16.07","0.68","-14.99","12.91"
"S & S Power Switchgear Ltd","Electrical Components & Equipments","507.42","175.58","25.77","-117.73","3.16","45.80","87.04","-","18.44","4.66"
"Dynemic Products Ltd","Commodity Chemicals","505.43","139.62","44.42","2.49","1.78","18.92","16.70","-","219.77","3.05"
"Sinclairs Hotels Ltd","Hotels Resorts & Cruise Lines","505.37","24.60","-29.80","4.71","7.76","14.45","32.63","1.01","-31.46","3.89"
"Axita Cotton Ltd","Textiles","505.31","24.87","-19.28","7.83","0.46","17.88","-","0.52","1023.51","0.58"
"Almondz Global Securities Ltd","Investment Banking & Brokerage","502.83","14.76","65.94","2.29","3.50","13.05","26.04","-","112.12","2.16"
"TRF Ltd","Industrial Machinery","502.68","14.53","-14.54","4.77","3.10","7.92","14.83","-","-60.94","31.44"
"Indag Rubber Ltd","Auto Parts","502.16","31.13","28.73","2.19","1.92","18.53","28.48","1.57","-","6.14"
"Mazda Ltd","Industrial Machinery","501.89","15.92","-12.65","2.36","2.16","8.89","11.67","1.28","18.36","78.70"
"Kilitch Drugs (India) Ltd","Pharmaceuticals","501.85","34.37","-11.20","2.86","3.16","16.14","-","-","37.38","9.22"
"Vinsys IT Services India Ltd","IT Services & Consulting","500.96","21.88","-2.89","4.96","2.92","16.52","-","-","23.64","18.56"
"Brady And Morris Engineering Co Ltd","Industrial Machinery & Supplies & Components","500.57","59.45","132.47","17.68","6.60","38.82","85.57","-","66.40","37.42"
"Amal Ltd","Commodity Chemicals","500.56","296.19","-11.34","7.16","5.80","33.68","23.66","-","109.65","1.37"
"Z-Tech (India) Ltd","Construction & Engineering","500.37","64.15","272.38","22.84","7.43","44.52","-","-","282.76","8.57"